"시점",전국,전국,전국,서울특별시,서울특별시,서울특별시,부산광역시,부산광역시,부산광역시,대구광역시,대구광역시,대구광역시,인천광역시,인천광역시,인천광역시,광주광역시,광주광역시,광주광역시,대전광역시,대전광역시,대전광역시,울산광역시,울산광역시,울산광역시,세종특별자치시,세종특별자치시,세종특별자치시,경기도,경기도,경기도,강원도,강원도,강원도,충청북도,충청북도,충청북도,충청남도,충청남도,충청남도,전라북도,전라북도,전라북도,전라남도,전라남도,전라남도,경상북도,경상북도,경상북도,경상남도,경상남도,경상남도,제주특별자치도,제주특별자치도,제주특별자치도
"시점",계 (명),남자 (명),여자 (명),계 (명),남자 (명),여자 (명),계 (명),남자 (명),여자 (명),계 (명),남자 (명),여자 (명),계 (명),남자 (명),여자 (명),계 (명),남자 (명),여자 (명),계 (명),남자 (명),여자 (명),계 (명),남자 (명),여자 (명),계 (명),남자 (명),여자 (명),계 (명),남자 (명),여자 (명),계 (명),남자 (명),여자 (명),계 (명),남자 (명),여자 (명),계 (명),남자 (명),여자 (명),계 (명),남자 (명),여자 (명),계 (명),남자 (명),여자 (명),계 (명),남자 (명),여자 (명),계 (명),남자 (명),여자 (명),계 (명),남자 (명),여자 (명)
"1997.01",63268,33266,30002,13205,6886,6319,4201,2260,1941,3345,1764,1581,3646,1878,1768,2166,1106,1060,2003,1055,948,1754,935,819,-,-,-,13440,7086,6354,1794,917,877,2075,1101,974,2259,1157,1102,2579,1362,1217,2685,1413,1272,3362,1802,1560,4020,2171,1849,734,373,361
"1997.02",58144,30086,28058,12239,6224,6015,3910,2104,1806,2994,1608,1386,3193,1646,1547,1910,985,925,1869,927,942,1569,838,731,-,-,-,12334,6410,5924,1648,844,804,1798,901,897,2082,1023,1059,2261,1150,1111,2547,1286,1261,3257,1751,1506,3796,2003,1793,737,386,351
"1997.03",62160,32333,29827,13358,6947,6411,4304,2234,2070,3337,1815,1522,3466,1789,1677,2013,1030,983,1894,947,947,1771,946,825,-,-,-,13058,6764,6294,1831,952,879,1988,1058,930,2205,1124,1081,2364,1186,1178,2457,1246,1211,3343,1754,1589,4021,2122,1899,750,419,331
"1997.04",56949,29449,27500,12146,6152,5994,3872,2026,1846,3025,1603,1422,3189,1639,1550,1695,865,830,1666,852,814,1569,844,725,-,-,-,12101,6271,5830,1670,844,826,1750,907,843,2063,1099,964,2203,1116,1087,2348,1203,1145,3183,1677,1506,3800,2002,1798,669,349,320
"1997.05",55270,28830,26440,11637,6036,5601,3826,2012,1814,2855,1501,1354,3074,1619,1455,1799,906,893,1765,893,872,1479,753,726,-,-,-,11644,6083,5561,1650,869,781,1734,861,873,1966,996,970,2085,1114,971,2290,1204,1086,3024,1589,1435,3716,1978,1738,726,416,310
"1997.06",50978,26713,24265,10694,5568,5126,3529,1840,1689,2605,1344,1261,2896,1493,1403,1576,805,771,1525,804,721,1350,713,637,-,-,-,10846,5764,5082,1514,807,707,1629,828,801,1890,973,917,1992,1056,936,2207,1171,1036,2760,1498,1262,3309,1705,1604,656,344,312
"1997.07",53369,27704,25665,11239,5873,5366,3669,1911,1758,2715,1374,1341,3001,1589,1412,1741,883,858,1659,878,781,1441,744,697,-,-,-,11220,5700,5520,1618,848,770,1691,875,816,2011,1059,952,2112,1076,1036,2256,1175,1081,2978,1552,1426,3321,1792,1529,697,375,322
"1997.08",53254,27623,25631,11242,5718,5524,3649,1926,1723,2805,1445,1360,3030,1575,1455,1670,904,766,1599,816,783,1362,726,636,-,-,-,11353,5859,5494,1594,815,779,1647,820,827,1928,1018,910,2140,1124,1016,2153,1129,1024,3000,1595,1405,3401,1804,1597,681,349,332
"1997.09",55461,28907,26554,11757,6085,5672,3850,1972,1878,2896,1549,1347,3106,1639,1467,1713,885,828,1649,811,838,1536,833,703,-,-,-,11942,6198,5744,1652,850,802,1698,866,832,2027,1084,943,2078,1108,970,2203,1128,1075,3002,1612,1390,3642,1914,1728,710,373,337
"1997.10",57136,29576,27560,12313,6275,6038,3880,2042,1838,2955,1535,1420,3234,1647,1587,1863,999,864,1688,876,812,1507,815,692,-,-,-,12155,6297,5858,1663,832,831,1720,901,819,2109,1082,1027,2198,1149,1049,2235,1149,1086,3110,1635,1475,3814,1984,1830,692,358,334
"1997.11",53848,28036,25812,11380,5872,5508,3734,1987,1747,2756,1481,1275,3148,1625,1523,1739,899,840,1650,868,782,1408,728,680,-,-,-,11234,5852,5382,1546,800,746,1643,847,796,1981,1037,944,2076,1071,1005,2309,1162,1147,2978,1543,1435,3566,1916,1650,700,348,352
"1997.12",55557,28406,27151,11514,5884,5630,3860,2006,1854,2931,1538,1393,3120,1553,1567,1799,925,874,1513,822,691,1527,810,717,-,-,-,11675,5916,5759,1641,827,814,1730,875,855,2030,1062,968,2182,1102,1080,2390,1178,1212,3120,1645,1475,3732,1904,1828,793,359,434
"1998.01",60347,31603,28744,12759,6594,6165,3960,2086,1874,2970,1591,1379,3370,1747,1623,2009,1086,923,1744,924,820,1568,837,731,-,-,-,13118,6745,6373,1708,922,786,1892,972,920,2353,1218,1135,2558,1357,1201,2480,1298,1182,3333,1776,1557,3846,2052,1794,679,398,281
"1998.02",56841,29806,27035,11905,6183,5722,3793,1996,1797,2960,1563,1397,3163,1671,1492,1893,965,928,1571,837,734,1467,753,714,-,-,-,12056,6272,5784,1707,893,814,1784,949,835,2128,1163,965,2425,1296,1129,2421,1243,1178,3140,1683,1457,3677,1922,1755,751,417,334
"1998.03",60238,31421,28817,12447,6489,5958,4040,2079,1961,3090,1648,1442,3409,1756,1653,1965,1019,946,1837,966,871,1711,911,800,-,-,-,12849,6658,6191,1753,876,877,1892,954,938,2250,1167,1083,2312,1209,1103,2517,1317,1200,3371,1831,1540,4058,2154,1904,737,387,350
"1998.04",54814,28605,26209,11520,5926,5594,3777,1999,1778,2763,1507,1256,2925,1499,1426,1751,893,858,1666,875,791,1557,839,718,-,-,-,11737,6133,5604,1712,932,780,1645,855,790,2014,1041,973,2072,1039,1033,2329,1141,1188,3036,1597,1439,3672,1977,1695,638,352,286
"1998.05",52046,27375,24671,11112,5906,5206,3556,1915,1641,2644,1460,1184,2875,1444,1431,1721,882,839,1575,786,789,1391,746,645,-,-,-,10915,5744,5171,1613,834,779,1643,862,781,1942,1036,906,2088,1042,1046,2099,1136,963,2798,1445,1353,3418,1804,1614,656,333,323
"1998.06",49571,25938,23633,10396,5391,5005,3301,1786,1515,2491,1357,1134,2660,1409,1251,1627,860,767,1520,816,704,1265,677,588,-,-,-,10714,5578,5136,1532,806,726,1540,754,786,1920,1018,902,1894,937,957,2008,1076,932,2733,1409,1324,3355,1757,1598,615,307,308
"1998.07",50151,26306,23845,10589,5386,5203,3390,1783,1607,2478,1321,1157,2785,1505,1280,1582,825,757,1563,826,737,1230,678,552,-,-,-,10593,5501,5092,1583,796,787,1635,879,756,1918,1001,917,1991,1085,906,2189,1153,1036,2791,1517,1274,3233,1738,1495,601,312,289
"1998.08",49634,26030,23604,10281,5304,4977,3359,1818,1541,2505,1369,1136,2833,1474,1359,1583,827,756,1501,769,732,1209,660,549,-,-,-,10795,5599,5196,1477,753,724,1544,795,749,1871,984,887,2062,1079,983,2056,1076,980,2650,1451,1199,3242,1713,1529,666,359,307
"1998.09",53484,27963,25521,11223,5778,5445,3661,1966,1695,2635,1406,1229,3023,1588,1435,1696,850,846,1612,851,761,1410,723,687,-,-,-,11475,5936,5539,1603,837,766,1650,862,788,2053,1057,996,2233,1188,1045,2183,1154,1029,2802,1542,1260,3533,1869,1664,692,356,336
"1998.10",52709,27580,25129,11071,5791,5280,3603,1862,1741,2613,1389,1224,2944,1493,1451,1742,898,844,1642,850,792,1327,740,587,-,-,-,11190,5881,5309,1587,841,746,1692,883,809,2000,1064,936,2109,1082,1027,2216,1175,1041,2758,1438,1320,3506,1824,1682,709,369,340
"1998.11",50164,26413,23751,10448,5459,4989,3280,1744,1536,2531,1365,1166,2724,1460,1264,1617,829,788,1495,797,698,1308,718,590,-,-,-,10714,5656,5058,1548,799,749,1607,860,747,1954,1005,949,2063,1038,1025,2116,1114,1002,2724,1423,1301,3345,1771,1574,690,375,315
"1998.12",51595,27107,24488,10853,5615,5238,3480,1838,1642,2551,1347,1204,2830,1456,1374,1610,854,756,1568,818,750,1254,667,587,-,-,-,10910,5714,5196,1598,848,750,1627,848,779,2069,1088,981,2042,1082,960,2227,1181,1046,2778,1495,1283,3542,1917,1625,656,339,317
"1999.01",58607,30600,28007,12141,6330,5811,3611,1919,1692,2835,1490,1345,3227,1643,1584,1958,1006,952,1890,999,891,1439,764,675,-,-,-,12722,6648,6074,1790,928,862,1896,997,899,2314,1166,1148,2481,1311,1170,2586,1342,1244,3165,1673,1492,3777,1981,1796,775,403,372
"1999.02",53305,27728,25577,11209,5789,5420,3390,1729,1661,2647,1427,1220,2832,1467,1365,1660,846,814,1576,804,772,1349,711,638,-,-,-,11597,6011,5586,1712,893,819,1745,915,830,2076,1090,986,2132,1097,1035,2271,1178,1093,2960,1564,1396,3487,1845,1642,662,362,300
"1999.03",57495,29946,27549,12078,6314,5764,3796,1983,1813,2882,1519,1363,3247,1714,1533,1736,907,829,1655,840,815,1487,781,706,-,-,-,12377,6419,5958,1760,905,855,1791,904,887,2152,1129,1023,2227,1161,1066,2403,1234,1169,3320,1753,1567,3860,2036,1824,724,347,377
"1999.04",52386,27648,24738,11172,5933,5239,3482,1830,1652,2591,1379,1212,2888,1546,1342,1484,795,689,1571,833,738,1401,769,632,-,-,-,11244,5872,5372,1598,860,738,1597,830,767,2067,1084,983,2108,1074,1034,2239,1170,1069,2920,1563,1357,3376,1786,1590,648,324,324
"1999.05",50516,26544,23972,10445,5433,5012,3401,1794,1607,2513,1337,1176,2867,1524,1343,1587,837,750,1556,781,775,1348,758,590,-,-,-,10940,5759,5181,1616,816,800,1526,794,732,1948,1000,948,1997,1089,908,2176,1129,1047,2728,1446,1282,3226,1708,1518,642,339,303
"1999.06",46765,24639,22126,9642,5010,4632,3085,1661,1424,2387,1266,1121,2608,1332,1276,1474,778,696,1507,795,712,1097,601,496,-,-,-,10143,5325,4818,1379,706,673,1492,799,693,1801,973,828,1786,950,836,2018,1081,937,2623,1391,1232,3089,1637,1452,634,334,300
"1999.07",48780,25496,23284,9997,5183,4814,3197,1713,1484,2422,1278,1144,2805,1462,1343,1497,756,741,1495,819,676,1176,631,545,-,-,-,10592,5505,5087,1512,764,748,1547,814,733,1847,975,872,1962,986,976,2148,1125,1023,2730,1430,1300,3228,1737,1491,625,318,307
"1999.08",48502,25512,22990,9969,5180,4789,3196,1687,1509,2448,1322,1126,2684,1398,1286,1579,849,730,1431,764,667,1203,620,583,-,-,-,10456,5376,5080,1497,760,737,1573,822,751,1934,1055,879,1931,1015,916,1994,1073,921,2738,1503,1235,3213,1718,1495,656,370,286
"1999.09",51056,26778,24278,10478,5422,5056,3469,1862,1607,2564,1306,1258,2853,1558,1295,1622,841,781,1540,797,743,1226,691,535,-,-,-,11026,5743,5283,1591,838,753,1552,817,735,2022,1044,978,1996,1014,982,2110,1138,972,2939,1565,1374,3435,1790,1645,633,352,281
"1999.10",52224,27239,24985,10584,5451,5133,3625,1885,1740,2640,1391,1249,2871,1505,1366,1611,830,781,1562,769,793,1369,692,677,-,-,-,11424,6003,5421,1562,838,724,1611,862,749,2002,1066,936,2011,1032,979,2124,1120,1004,2962,1583,1379,3570,1851,1719,696,361,335
"1999.11",50559,26141,24418,10287,5221,5066,3449,1774,1675,2696,1484,1212,2737,1410,1327,1551,799,752,1473,763,710,1276,659,617,-,-,-,10938,5712,5226,1479,790,689,1513,747,766,1948,1019,929,1998,990,1008,2216,1155,1061,2889,1496,1393,3418,1753,1665,691,369,322
"1999.12",50473,26138,24335,10118,5186,4932,3536,1840,1696,2683,1421,1262,2704,1400,1304,1485,771,714,1473,792,681,1369,720,649,-,-,-,10876,5614,5262,1647,876,771,1591,831,760,1934,1013,921,1935,987,948,2078,1033,1045,2869,1510,1359,3505,1792,1713,670,352,318
"2000.01",61644,32317,29327,12866,6738,6128,3752,1968,1784,3057,1608,1449,3320,1730,1590,2159,1104,1055,1859,973,886,1479,754,725,-,-,-,13527,7137,6390,1966,1015,951,1903,1021,882,2398,1256,1142,2547,1291,1256,2679,1367,1312,3362,1812,1550,3928,2084,1844,842,459,383
"2000.02",56723,29693,27030,11797,6227,5570,3632,1920,1712,2698,1444,1254,3069,1565,1504,1916,1030,886,1752,924,828,1388,732,656,-,-,-,12437,6477,5960,1780,906,874,1722,911,811,2273,1189,1084,2296,1202,1094,2366,1245,1121,3221,1633,1588,3612,1893,1719,764,395,369
"2000.03",59878,31432,28446,12453,6452,6001,3935,2066,1869,3057,1625,1432,3267,1727,1540,1893,979,914,1835,977,858,1524,829,695,-,-,-,13157,6905,6252,1803,979,824,1805,965,840,2269,1191,1078,2384,1216,1168,2423,1256,1167,3292,1735,1557,3972,2119,1853,809,411,398
"2000.04",53058,27986,25072,10782,5662,5120,3464,1856,1608,2753,1454,1299,2683,1405,1278,1773,904,869,1690,854,836,1360,749,611,-,-,-,11698,6140,5558,1612,871,741,1647,904,743,2076,1100,976,2054,1074,980,2157,1146,1011,2968,1580,1388,3661,1948,1713,680,339,341
"2000.05",52492,27578,24914,10817,5619,5198,3511,1889,1622,2785,1512,1273,2782,1443,1339,1698,884,814,1599,862,737,1311,705,606,-,-,-,11362,5927,5435,1615,816,799,1652,862,790,1988,1035,953,2041,1104,937,2109,1108,1001,2973,1576,1397,3516,1863,1653,733,373,360
"2000.06",46774,24435,22339,9743,5086,4657,2949,1510,1439,2321,1250,1071,2603,1375,1228,1539,799,740,1409,708,701,1141,624,517,-,-,-,10491,5461,5030,1495,793,702,1436,735,701,1813,963,850,1865,962,903,1894,976,918,2472,1295,1177,2992,1590,1402,611,308,303
"2000.07",48377,25322,23055,9990,5163,4827,3113,1673,1440,2441,1310,1131,2669,1391,1278,1610,851,759,1451,765,686,1237,666,571,-,-,-,10682,5509,5173,1503,824,679,1485,779,706,1865,978,887,1925,991,934,1944,1009,935,2714,1463,1251,3087,1620,1467,661,330,331
"2000.08",50623,26579,24044,10539,5523,5016,3299,1745,1554,2611,1379,1232,2742,1418,1324,1657,901,756,1551,774,777,1225,643,582,-,-,-,11256,5897,5359,1513,804,709,1536,820,716,1936,972,964,1956,1013,943,2123,1091,1032,2751,1491,1260,3264,1762,1502,664,346,318
"2000.09",52913,27692,25221,11020,5719,5301,3438,1799,1639,2584,1370,1214,2925,1514,1411,1834,1010,824,1619,830,789,1296,674,622,-,-,-,11708,6092,5616,1584,814,770,1568,829,739,2113,1100,1013,2122,1102,1020,2128,1114,1014,2881,1561,1320,3353,1789,1564,740,375,365
"2000.10",54429,28273,26156,11659,5976,5683,3561,1859,1702,2814,1488,1326,2880,1510,1370,1780,913,867,1665,847,818,1378,718,660,-,-,-,12126,6285,5841,1542,803,739,1674,895,779,2008,1043,965,1989,1028,961,2156,1103,1053,2858,1539,1319,3619,1891,1728,720,375,345
"2000.11",52403,27406,24997,11027,5830,5197,3384,1775,1609,2693,1384,1309,2728,1376,1352,1659,852,807,1573,827,746,1259,641,618,-,-,-,11949,6235,5714,1563,847,716,1592,813,779,1949,1029,920,2010,1054,956,2026,1095,931,2882,1513,1369,3385,1776,1609,724,359,365
"2000.12",50775,26720,24055,10461,5411,5050,3184,1773,1411,2663,1426,1237,2765,1464,1301,1630,836,794,1567,781,786,1218,642,576,-,-,-,11311,5956,5355,1506,765,741,1608,852,756,2045,1092,953,1984,1031,953,2041,1088,953,2816,1503,1313,3291,1749,1542,685,351,334
"2001.01",56949,29736,27213,11961,6199,5762,3406,1769,1637,2849,1492,1357,3072,1544,1528,2030,1066,964,1796,938,858,1337,724,613,-,-,-,12699,6581,6118,1781,950,831,1841,978,863,2245,1204,1041,2410,1214,1196,2392,1287,1105,2955,1577,1378,3503,1843,1660,672,370,302
"2001.02",49939,25873,24066,10159,5258,4901,3163,1654,1509,2385,1232,1153,2727,1444,1283,1578,817,761,1537,793,744,1216,641,575,-,-,-,11314,5869,5445,1473,732,741,1642,837,805,2003,1032,971,2000,1016,984,2070,1071,999,2718,1410,1308,3297,1734,1563,657,333,324
"2001.03",54549,28388,26161,10971,5681,5290,3616,1910,1706,2760,1481,1279,2896,1489,1407,1790,939,851,1727,882,845,1366,764,602,-,-,-,12234,6300,5934,1646,906,740,1715,904,811,2123,1071,1052,2080,1044,1036,2306,1176,1130,3023,1612,1411,3561,1868,1693,735,361,374
"2001.04",48309,25458,22851,9950,5245,4705,3131,1682,1449,2413,1290,1123,2609,1385,1224,1442,766,676,1509,758,751,1167,622,545,-,-,-,10811,5666,5145,1469,754,715,1558,809,749,1861,978,883,1904,982,922,2013,1039,974,2666,1419,1247,3170,1711,1459,636,352,284
"2001.05",46802,24260,22542,9649,4975,4674,3037,1592,1445,2387,1226,1161,2511,1315,1196,1471,755,716,1430,755,675,1158,619,539,-,-,-,10453,5378,5075,1432,746,686,1508,799,709,1833,951,882,1808,908,900,1783,913,870,2595,1380,1215,3058,1587,1471,689,361,328
"2001.06",41809,21949,19860,8371,4389,3982,2660,1416,1244,2094,1083,1011,2344,1196,1148,1387,699,688,1215,653,562,1024,572,452,-,-,-,9524,4933,4591,1253,649,604,1288,669,619,1687,892,795,1718,927,791,1624,868,756,2319,1244,1075,2779,1483,1296,522,276,246
"2001.07",42404,22142,20262,8597,4482,4115,2698,1420,1278,2151,1145,1006,2339,1231,1108,1361,710,651,1338,697,641,996,531,465,-,-,-,9785,4960,4825,1356,735,621,1181,652,529,1648,859,789,1643,859,784,1710,920,790,2313,1176,1137,2734,1462,1272,554,303,251
"2001.08",43830,22903,20927,9164,4739,4425,2848,1488,1360,2248,1204,1044,2355,1223,1132,1376,707,669,1353,700,653,1014,566,448,-,-,-,9889,5200,4689,1353,733,620,1204,616,588,1751,918,833,1713,847,866,1730,925,805,2422,1288,1134,2821,1458,1363,589,291,298
"2001.09",45673,23912,21761,9317,4794,4523,2936,1571,1365,2299,1221,1078,2470,1298,1172,1528,799,729,1418,731,687,1132,589,543,-,-,-,10343,5415,4928,1305,702,603,1463,765,698,1829,923,906,1806,957,849,1812,956,856,2425,1299,1126,3013,1575,1438,577,317,260
"2001.10",44814,23391,21423,9215,4734,4481,2959,1534,1425,2259,1164,1095,2454,1275,1179,1502,788,714,1341,696,645,1072,568,504,-,-,-,10150,5324,4826,1282,691,591,1318,686,632,1669,862,807,1776,942,834,1793,905,888,2460,1279,1181,2972,1608,1364,592,335,257
"2001.11",42753,22361,20392,8842,4549,4293,2743,1419,1324,2173,1186,987,2383,1256,1127,1342,695,647,1349,721,628,1037,541,496,-,-,-,9540,5034,4506,1267,678,589,1348,693,655,1701,868,833,1672,899,773,1654,847,807,2298,1193,1105,2809,1464,1345,595,318,277
"2001.12",42103,21616,20487,8568,4431,4137,2651,1353,1298,2093,1075,1018,2334,1208,1126,1391,735,656,1277,660,617,1081,556,525,-,-,-,9522,4857,4665,1256,612,644,1256,650,606,1612,800,812,1662,851,811,1701,845,856,2306,1216,1090,2758,1461,1297,635,306,329
"2002.01",48825,25851,22974,10107,5336,4771,2895,1519,1376,2361,1269,1092,2766,1484,1282,1667,873,794,1538,843,695,1133,631,502,-,-,-,11374,5893,5481,1527,819,708,1546,833,713,1857,959,898,1955,1045,910,2000,1089,911,2517,1333,1184,3011,1613,1398,571,312,259
"2002.02",43579,22559,21020,9054,4688,4366,2673,1324,1349,2101,1155,946,2425,1231,1194,1426,751,675,1351,692,659,1043,563,480,-,-,-,10189,5263,4926,1298,669,629,1341,693,648,1659,856,803,1725,885,840,1765,897,868,2265,1206,1059,2704,1376,1328,560,310,250
"2002.03",47753,24859,22894,9807,4999,4808,2928,1544,1384,2337,1259,1078,2633,1389,1244,1572,824,748,1476,790,686,1130,569,561,-,-,-,11050,5815,5235,1522,761,761,1434,711,723,1833,976,857,1829,940,889,1881,982,899,2564,1319,1245,3136,1661,1475,621,320,301
"2002.04",43453,22765,20688,8875,4581,4294,2783,1437,1346,2122,1115,1007,2179,1133,1046,1395,753,642,1366,792,574,989,513,476,-,-,-,10292,5339,4953,1379,733,646,1319,670,649,1779,915,864,1639,860,779,1649,876,773,2360,1291,1069,2781,1461,1320,546,296,250
"2002.05",41977,22054,19923,8685,4466,4219,2607,1361,1246,2069,1117,952,2268,1186,1082,1374,727,647,1299,689,610,964,532,432,-,-,-,9868,5196,4672,1273,650,623,1341,700,641,1635,869,766,1614,831,783,1587,836,751,2208,1181,1027,2643,1394,1249,542,319,223
"2002.06",37575,19888,17687,7737,4102,3635,2346,1278,1068,1779,907,872,2050,1046,1004,1184,614,570,1186,651,535,893,481,412,-,-,-,8886,4643,4243,1186,615,571,1169,624,545,1376,728,648,1391,732,659,1442,764,678,2009,1128,881,2439,1306,1133,502,269,233
"2002.07",40361,21274,19087,8336,4425,3911,2477,1259,1218,2021,1094,927,2115,1107,1008,1241,631,610,1269,657,612,941,508,433,-,-,-,9380,4903,4477,1226,617,609,1236,667,569,1548,830,718,1602,852,750,1564,827,737,2189,1162,1027,2707,1456,1251,509,279,230
"2002.08",39751,20861,18890,8161,4265,3896,2460,1274,1186,1950,1050,900,2120,1067,1053,1287,670,617,1269,657,612,909,478,431,-,-,-,9309,4897,4412,1244,645,599,1240,638,602,1507,827,680,1550,806,744,1531,789,742,2073,1095,978,2581,1404,1177,560,299,261
"2002.09",39615,20727,18888,8004,4206,3798,2521,1307,1214,1914,1014,900,2126,1101,1025,1283,662,621,1250,625,625,919,486,433,-,-,-,9466,4896,4570,1203,625,578,1222,628,594,1507,776,731,1504,807,697,1514,763,751,2025,1140,885,2642,1409,1233,515,282,233
"2002.10",39458,20432,19026,8064,4168,3896,2444,1257,1187,1946,1010,936,2140,1087,1053,1259,655,604,1284,675,609,957,505,452,-,-,-,9318,4768,4550,1183,621,562,1198,645,553,1472,762,710,1546,822,724,1509,773,736,1987,1041,946,2648,1379,1269,503,264,239
"2002.11",37921,19617,18304,7818,3971,3847,2273,1182,1091,1882,995,887,1992,1005,987,1210,627,583,1194,604,590,919,484,435,-,-,-,9066,4665,4401,1091,555,536,1184,618,566,1451,774,677,1405,755,650,1454,748,706,1936,1003,933,2490,1335,1155,556,296,260
"2002.12",36643,19341,17302,7360,3898,3462,2360,1233,1127,1778,987,791,1961,1007,954,1138,616,522,1149,613,536,869,444,425,-,-,-,8656,4578,4078,1182,614,568,1099,573,526,1435,766,669,1455,751,704,1346,674,672,1889,992,897,2421,1302,1119,545,293,252
"2003.01",45423,23615,21808,9304,4764,4540,2685,1412,1273,2155,1165,990,2484,1279,1205,1579,837,742,1458,783,675,983,528,455,-,-,-,10972,5675,5297,1352,671,681,1398,729,669,1773,907,866,1847,965,882,1761,899,862,2231,1169,1062,2897,1551,1346,544,281,263
"2003.02",41909,21653,20256,8693,4405,4288,2517,1272,1245,2074,1093,981,2309,1182,1127,1424,752,672,1326,719,607,957,510,447,-,-,-,10072,5195,4877,1222,610,612,1199,616,583,1626,871,755,1591,786,805,1596,825,771,2165,1158,1007,2593,1391,1202,545,268,277
"2003.03",45972,23869,22103,9181,4679,4502,2780,1462,1318,2294,1192,1102,2476,1275,1201,1424,753,671,1512,759,753,1061,552,509,-,-,-,11412,5937,5475,1312,674,638,1305,678,627,1741,920,821,1703,876,827,1638,877,761,2507,1341,1166,3007,1578,1429,619,316,303
"2003.04",43040,22318,20722,8581,4466,4115,2721,1447,1274,2158,1123,1035,2429,1233,1196,1360,690,670,1358,683,675,1070,599,471,-,-,-,10406,5403,5003,1314,705,609,1222,625,597,1604,823,781,1524,781,743,1588,799,789,2264,1180,1084,2909,1490,1419,532,271,261
"2003.05",41132,21523,19609,8541,4437,4104,2483,1309,1174,2051,1083,968,2388,1238,1150,1336,753,583,1252,616,636,1025,547,478,-,-,-,9739,5087,4652,1189,609,580,1182,632,550,1520,788,732,1531,757,774,1498,781,717,2066,1074,992,2765,1515,1250,566,297,269
"2003.06",36879,19398,17481,7618,3920,3698,2228,1182,1046,1778,961,817,1918,1008,910,1127,596,531,1210,651,559,855,482,373,-,-,-,8895,4672,4223,1157,615,542,1084,560,524,1441,761,680,1428,755,673,1351,733,618,1881,942,939,2420,1291,1129,488,269,219
"2003.07",38008,19820,18188,7769,4104,3665,2245,1143,1102,1851,1014,837,2025,1068,957,1228,643,585,1179,628,551,913,483,430,-,-,-,9258,4715,4543,1112,557,555,1221,626,595,1451,766,685,1448,734,714,1434,778,656,1921,1010,911,2417,1282,1135,536,269,267
"2003.08",38054,19882,18172,7677,3967,3710,2260,1160,1100,1925,1027,898,2099,1083,1016,1204,645,559,1184,623,561,932,514,418,-,-,-,9369,4865,4504,1093,559,534,1108,579,529,1451,747,704,1396,712,684,1404,691,713,1955,1049,906,2487,1370,1117,510,291,219
"2003.09",41645,21861,19784,8360,4294,4066,2543,1366,1177,2114,1115,999,2234,1148,1086,1420,754,666,1316,676,640,1022,539,483,-,-,-,10329,5341,4988,1133,601,532,1226,674,552,1516,774,742,1469,769,700,1578,885,693,2128,1157,971,2694,1456,1238,563,312,251
"2003.10",43345,22451,20894,9001,4615,4386,2715,1431,1284,2209,1171,1038,2322,1213,1109,1360,683,677,1357,680,677,989,510,479,-,-,-,10570,5469,5101,1214,659,555,1364,689,675,1546,788,758,1513,778,735,1630,849,781,2207,1174,1033,2766,1435,1331,582,307,275
"2003.11",40752,21243,19509,8413,4367,4046,2528,1303,1225,2018,1064,954,2163,1103,1060,1285,689,596,1335,688,647,974,535,439,-,-,-,9945,5129,4816,1115,579,536,1185,623,562,1474,784,690,1539,809,730,1480,747,733,2134,1139,995,2615,1383,1232,549,301,248
"2003.12",38877,20094,18783,8089,4173,3916,2412,1263,1149,1886,962,924,1985,984,1001,1207,623,584,1225,637,588,939,483,456,-,-,-,9466,4915,4551,1136,585,551,1156,604,552,1484,755,729,1448,768,680,1375,736,639,1988,996,992,2532,1334,1198,549,276,273
"2004.01",45778,23824,21954,9618,4881,4737,2555,1298,1257,2177,1146,1031,2402,1265,1137,1566,810,756,1489,803,686,1035,553,482,-,-,-,11258,5892,5366,1293,650,643,1409,754,655,1731,891,840,1781,924,857,1821,982,839,2206,1162,1044,2884,1507,1377,553,306,247
"2004.02",41059,21310,19749,8529,4473,4056,2382,1228,1154,2013,1038,975,2192,1138,1054,1323,723,600,1312,666,646,978,495,483,-,-,-,10138,5154,4984,1213,632,581,1263,650,613,1534,785,749,1519,815,704,1533,792,741,2049,1093,956,2551,1354,1197,530,274,256
"2004.03",45422,23611,21811,9278,4803,4475,2783,1459,1324,2311,1240,1071,2435,1249,1186,1427,723,704,1413,740,673,1066,539,527,-,-,-,11134,5768,5366,1360,711,649,1343,711,632,1733,886,847,1625,817,808,1673,878,795,2257,1188,1069,3008,1605,1403,576,294,282
"2004.04",40611,21057,19554,8564,4432,4132,2414,1249,1165,1992,1040,952,2053,1051,1002,1215,633,582,1233,654,579,940,516,424,-,-,-,10110,5232,4878,1151,571,580,1173,614,559,1529,774,755,1429,711,718,1454,731,723,2193,1158,1035,2641,1416,1225,520,275,245
"2004.05",38933,20258,18675,8086,4134,3952,2348,1218,1130,1918,1040,878,2083,1078,1005,1173,606,567,1201,641,560,879,475,404,-,-,-,9628,4995,4633,1154,606,548,1176,647,529,1570,797,773,1346,695,651,1464,779,685,1888,989,899,2510,1278,1232,509,280,229
"2004.06",36086,18778,17308,7608,3912,3696,2146,1089,1057,1665,888,777,1935,977,958,1078,573,505,1169,566,603,887,472,415,-,-,-,8867,4615,4252,1048,571,477,1041,528,513,1416,763,653,1346,708,638,1320,698,622,1774,953,821,2334,1232,1102,452,233,219
"2004.07",38031,19949,18082,7965,4103,3862,2243,1150,1093,1828,948,880,2048,1074,974,1130,610,520,1162,609,553,854,484,370,-,-,-,9247,4779,4468,1163,622,541,1212,629,583,1459,773,686,1425,735,690,1385,745,640,1948,1076,872,2461,1353,1108,501,259,242
"2004.08",38324,19952,18372,7970,4101,3869,2240,1179,1061,1952,1035,917,2003,1083,920,1183,593,590,1241,644,597,905,496,409,-,-,-,9399,4839,4560,1108,581,527,1186,641,545,1568,821,747,1341,667,674,1401,736,665,1814,938,876,2515,1332,1183,498,266,232
"2004.09",39238,20427,18811,8238,4234,4004,2390,1236,1154,1880,991,889,2024,1041,983,1205,615,590,1208,655,553,944,481,463,-,-,-,9766,5084,4682,1085,571,514,1205,617,588,1593,849,744,1378,733,645,1370,709,661,1884,998,886,2573,1351,1222,495,262,233
"2004.10",40855,21238,19617,8686,4533,4153,2345,1210,1135,2033,1026,1007,2143,1077,1066,1198,609,589,1350,687,663,957,526,431,-,-,-,10129,5226,4903,1149,608,541,1184,597,587,1624,853,771,1415,721,694,1390,752,638,2043,1108,935,2698,1430,1268,511,275,236
"2004.11",37432,19248,18184,7934,4051,3883,2227,1100,1127,1832,945,887,1935,985,950,1170,590,580,1194,656,538,893,469,424,-,-,-,9446,4822,4624,1032,534,498,1077,559,518,1465,761,704,1337,703,634,1236,639,597,1770,912,858,2435,1285,1150,449,237,212
"2004.12",35189,18183,17006,7352,3796,3556,2158,1119,1039,1658,864,794,1839,945,894,1061,548,513,1052,521,531,813,427,386,-,-,-,8690,4447,4243,1020,554,466,1062,539,523,1418,729,689,1315,652,663,1209,625,584,1727,902,825,2312,1252,1060,503,263,240
"2005.01",41354,21438,19916,8701,4496,4205,2349,1193,1156,1857,994,863,2168,1157,1011,1355,702,653,1468,779,689,953,527,426,-,-,-,10120,5184,4936,1209,623,586,1272,623,649,1639,838,801,1632,869,763,1572,789,783,2029,1082,947,2571,1351,1220,459,231,228
"2005.02",35810,18362,17448,7462,3752,3710,2118,1098,1020,1697,844,853,1792,918,874,1145,601,544,1099,553,546,817,434,383,-,-,-,8888,4532,4356,1063,541,522,1089,552,537,1405,741,664,1284,684,600,1328,696,632,1818,956,862,2335,1199,1136,470,261,209
"2005.03",41052,21242,19810,8513,4347,4166,2447,1284,1163,2000,1076,924,2100,1084,1016,1272,660,612,1334,702,632,965,526,439,-,-,-,10065,5141,4924,1152,592,560,1254,686,568,1650,807,843,1481,770,711,1548,765,783,2076,1111,965,2634,1389,1245,561,302,259
"2005.04",36605,18929,17676,7526,3910,3616,2077,1072,1005,1813,956,857,1839,939,900,1121,585,536,1104,548,556,875,462,413,-,-,-,9168,4750,4418,1055,543,512,1115,582,533,1448,721,727,1319,690,629,1337,679,658,1897,951,946,2447,1292,1155,464,249,215
"2005.05",35983,18833,17150,7431,3888,3543,2144,1106,1038,1695,912,783,1819,950,869,1065,562,503,1164,610,554,848,464,384,-,-,-,9031,4602,4429,1034,549,485,1041,552,489,1419,779,640,1265,672,593,1261,673,588,1950,1046,904,2344,1214,1130,472,254,218
"2005.06",33725,17466,16259,6763,3412,3351,2052,1052,1000,1577,806,771,1813,970,843,975,518,457,1096,592,504,814,419,395,-,-,-,8462,4356,4106,1008,552,456,934,502,432,1354,708,646,1248,671,577,1277,685,592,1694,849,845,2199,1133,1066,459,241,218
"2005.07",34658,18237,16421,7102,3747,3355,1898,961,937,1660,886,774,1803,932,871,1100,590,510,1110,585,525,808,431,377,-,-,-,8852,4654,4198,954,510,444,1021,532,489,1355,730,625,1261,679,582,1260,645,615,1795,936,859,2205,1143,1062,474,276,198
"2005.08",36003,18774,17229,7382,3858,3524,2158,1129,1029,1726,925,801,1995,993,1002,1012,522,490,1132,598,534,872,472,400,-,-,-,8978,4673,4305,1090,545,545,1096,574,522,1516,786,730,1267,653,614,1232,638,594,1794,944,850,2302,1229,1073,451,235,216
"2005.09",37413,19267,18146,7700,3926,3774,2224,1095,1129,1782,905,877,1971,967,1004,1137,596,541,1145,591,554,960,500,460,-,-,-,9321,4790,4531,1112,596,516,1163,590,573,1429,734,695,1316,683,633,1249,656,593,1879,1002,877,2540,1370,1170,485,266,219
"2005.10",37283,19243,18040,7701,3994,3707,2154,1156,998,1765,910,855,1925,981,944,1098,573,525,1163,617,546,909,447,462,-,-,-,9499,4893,4606,1035,528,507,1117,585,532,1519,791,728,1310,660,650,1251,615,636,1919,985,934,2408,1243,1165,510,265,245
"2005.11",35737,18585,17152,7395,3828,3567,2071,1071,1000,1684,887,797,1965,1014,951,1126,583,543,1103,559,544,789,397,392,-,-,-,8913,4623,4290,1015,531,484,1064,533,531,1412,736,676,1294,685,609,1342,697,645,1799,975,824,2302,1234,1068,463,232,231
"2005.12",33084,17216,15868,6792,3521,3271,1989,1072,917,1548,827,721,1836,980,856,921,479,442,1032,492,540,859,484,375,-,-,-,8236,4356,3880,930,454,476,998,519,479,1375,649,726,1068,574,494,1161,572,589,1689,894,795,2184,1112,1072,466,231,235
"2006.01",40692,21010,19682,8349,4281,4068,2291,1200,1091,1832,955,877,2149,1108,1041,1360,711,649,1349,717,632,935,489,446,-,-,-,10110,5218,4892,1180,601,579,1262,655,607,1719,887,832,1537,783,754,1501,754,747,2025,1058,967,2603,1325,1278,490,268,222
"2006.02",37522,19319,18203,7792,4040,3752,2183,1091,1092,1650,814,836,1939,983,956,1163,605,558,1155,600,555,884,456,428,-,-,-,9456,4858,4598,1066,541,525,1101,573,528,1488,774,714,1330,689,641,1363,677,686,1892,1007,885,2572,1365,1207,488,246,242
"2006.03",41209,21481,19728,8680,4550,4130,2339,1179,1160,1947,1045,902,2026,1080,946,1264,656,608,1391,741,650,956,500,456,-,-,-,10446,5430,5016,1209,606,603,1135,581,554,1659,828,831,1418,746,672,1467,745,722,2110,1141,969,2643,1377,1266,519,276,243
"2006.04",37666,19466,18200,7897,4092,3805,2200,1195,1005,1717,924,793,2026,1017,1009,1142,588,554,1197,602,595,876,446,430,-,-,-,9505,4864,4641,1003,528,475,1108,562,546,1605,827,778,1275,672,603,1348,708,640,1873,955,918,2429,1248,1181,465,238,227
"2006.05",37740,19564,18176,7779,4004,3775,2195,1087,1108,1697,903,794,1976,1030,946,1178,606,572,1178,624,554,911,480,431,-,-,-,9671,4992,4679,1042,556,486,1145,560,585,1551,815,736,1259,644,615,1350,699,651,1857,1004,853,2491,1320,1171,460,240,220
"2006.06",35347,18364,16983,7354,3808,3546,2024,1036,988,1576,832,744,1839,940,899,1029,549,480,1159,611,548,863,479,384,-,-,-,9149,4714,4435,912,475,437,1038,564,474,1455,765,690,1223,615,608,1217,626,591,1782,904,878,2273,1203,1070,454,243,211
"2006.07",35154,18308,16846,7149,3744,3405,1955,1040,915,1547,807,740,1956,992,964,1031,539,492,1121,592,529,825,454,371,-,-,-,8931,4623,4308,1001,541,460,1099,563,536,1444,757,687,1275,646,629,1270,648,622,1737,897,840,2334,1204,1130,479,261,218
"2006.08",37457,19473,17984,7759,3979,3780,2155,1136,1019,1726,889,837,1983,997,986,1079,563,516,1191,612,579,921,473,448,-,-,-,9559,4949,4610,1045,580,465,1132,602,530,1517,815,702,1323,708,615,1284,669,615,1812,977,835,2479,1265,1214,492,259,233
"2006.09",38471,20015,18456,7913,4082,3831,2184,1162,1022,1769,923,846,2005,1059,946,1190,651,539,1232,653,579,945,488,457,-,-,-,9834,5110,4724,1048,537,511,1116,558,558,1605,841,764,1317,685,632,1326,681,645,1953,1018,935,2501,1291,1210,533,276,257
"2006.10",38556,19867,18689,8050,4126,3924,2299,1171,1128,1756,925,831,2012,1026,986,1183,636,547,1214,631,583,902,472,430,-,-,-,9896,5046,4850,1025,553,472,1102,558,544,1574,776,798,1253,634,619,1294,661,633,1986,1072,914,2527,1325,1202,483,255,228
"2006.11",37110,19238,17872,7754,4035,3719,2118,1065,1053,1658,846,812,1979,1059,920,1055,540,515,1193,648,545,870,461,409,-,-,-,9622,5041,4581,972,500,472,1077,526,551,1534,787,747,1241,620,621,1322,672,650,1805,928,877,2411,1252,1159,499,258,241
"2006.12",34835,18005,16830,7446,3779,3667,1938,961,977,1485,772,713,1821,942,879,1005,517,488,1109,560,549,852,471,381,-,-,-,8932,4680,4252,952,485,467,1051,534,517,1474,773,701,1120,570,550,1163,622,541,1735,889,846,2261,1204,1057,491,246,245
"2007.01",43704,22585,21119,9069,4659,4410,2416,1256,1160,1866,991,875,2283,1206,1077,1376,707,669,1395,715,680,1013,517,496,-,-,-,11086,5692,5394,1230,633,597,1263,639,624,1783,932,851,1661,866,795,1687,865,822,2146,1128,1018,2874,1494,1380,556,285,271
"2007.02",39485,20361,19124,8052,4145,3907,2186,1123,1063,1780,951,829,2094,1072,1022,1236,639,597,1249,640,609,955,488,467,-,-,-,10122,5132,4990,1135,618,517,1168,614,554,1639,832,807,1417,744,673,1416,738,678,2032,1085,947,2537,1306,1231,467,234,233
"2007.03",43578,22234,21344,8879,4543,4336,2476,1242,1234,1941,929,1012,2312,1151,1161,1311,659,652,1412,697,715,1031,556,475,-,-,-,11222,5786,5436,1160,602,558,1286,629,657,1786,925,861,1512,762,750,1544,815,729,2272,1123,1149,2844,1509,1335,590,306,284
"2007.04",40290,20696,19594,8350,4287,4063,2260,1200,1060,1810,948,862,2183,1122,1061,1238,625,613,1329,671,658,943,490,453,-,-,-,10149,5123,5026,1161,609,552,1223,632,591,1586,783,803,1438,750,688,1434,763,671,2058,1071,987,2643,1370,1273,485,252,233
"2007.05",39913,20593,19320,8049,4112,3937,2302,1201,1101,1817,932,885,2079,1068,1011,1153,593,560,1234,648,586,1017,532,485,-,-,-,10212,5337,4875,1118,572,546,1233,638,595,1644,872,772,1373,669,704,1409,733,676,2064,1062,1002,2763,1391,1372,446,233,213
"2007.06",37112,19170,17942,7605,3906,3699,2101,1077,1024,1700,887,813,2000,1042,958,1142,615,527,1202,614,588,890,455,435,-,-,-,9268,4733,4535,1014,533,481,1159,609,550,1547,797,750,1274,680,594,1366,710,656,1906,993,913,2468,1307,1161,470,212,258
"2007.07",39522,20545,18977,8119,4250,3869,2242,1198,1044,1728,871,857,2188,1139,1049,1131,600,531,1244,637,607,951,525,426,-,-,-,10088,5220,4868,1091,576,515,1174,608,566,1702,881,821,1330,694,636,1367,693,674,1993,1059,934,2639,1326,1313,535,268,267
"2007.08",44041,22486,21555,8813,4542,4271,2551,1272,1279,2047,1022,1025,2358,1223,1135,1278,678,600,1409,702,707,1033,541,492,-,-,-,11317,5740,5577,1227,639,588,1305,665,640,1884,970,914,1528,795,733,1515,762,753,2172,1082,1090,3044,1577,1467,560,276,284
"2007.09",44871,23290,21581,9153,4700,4453,2605,1320,1285,2031,1061,970,2390,1248,1142,1320,709,611,1368,717,651,1074,558,516,-,-,-,11498,5996,5502,1225,639,586,1362,717,645,1882,971,911,1567,805,762,1629,850,779,2172,1103,1069,3059,1601,1458,536,295,241
"2007.10",45722,23499,22223,9265,4746,4519,2689,1363,1326,1995,1051,944,2488,1281,1207,1347,666,681,1493,771,722,1101,564,537,-,-,-,11594,5920,5674,1270,666,604,1465,753,712,1858,943,915,1583,813,770,1613,846,767,2327,1195,1132,3102,1652,1450,532,269,263
"2007.11",41865,21487,20378,8465,4376,4089,2476,1292,1184,1876,976,900,2254,1175,1079,1234,648,586,1349,677,672,1046,506,540,-,-,-,10704,5388,5316,1097,559,538,1266,686,580,1727,898,829,1419,755,664,1525,790,735,2097,1080,1017,2831,1402,1429,499,279,220
"2007.12",36719,18926,17793,7430,3873,3557,2122,1099,1023,1704,852,852,2083,1017,1066,1044,552,492,1096,564,532,901,446,455,-,-,-,9388,4876,4512,962,477,485,1098,544,554,1592,855,737,1126,573,553,1339,680,659,1823,958,865,2509,1295,1214,502,265,237
"2008.01",46747,24046,22701,9630,4999,4631,2615,1327,1288,2075,1070,1005,2417,1232,1185,1450,739,711,1562,803,759,1075,574,501,-,-,-,12005,6167,5838,1275,648,627,1410,730,680,1941,973,968,1700,876,824,1698,855,843,2318,1198,1120,3033,1569,1464,543,286,257
"2008.02",39495,20298,19197,8097,4242,3855,2174,1089,1085,1765,902,863,2074,1064,1010,1212,640,572,1226,633,593,929,459,470,-,-,-,10234,5281,4953,1079,538,541,1190,604,586,1707,870,837,1344,685,659,1395,717,678,1968,1011,957,2636,1342,1294,465,221,244
"2008.03",41318,21386,19932,8411,4376,4035,2387,1210,1177,1804,928,876,2328,1210,1118,1240,631,609,1255,628,627,999,531,468,-,-,-,10531,5510,5021,1130,589,541,1275,653,622,1670,853,817,1391,709,682,1503,751,752,2151,1145,1006,2740,1398,1342,503,264,239
"2008.04",38783,20090,18693,7861,4090,3771,2224,1161,1063,1799,942,857,2149,1095,1054,1122,578,544,1253,626,627,962,517,445,-,-,-,9878,5123,4755,956,466,490,1140,578,562,1631,836,795,1352,702,650,1348,686,662,2034,1047,987,2660,1427,1233,414,216,198
"2008.05",37598,19459,18139,7628,3876,3752,2130,1092,1038,1657,871,786,2086,1110,976,1087,545,542,1233,626,607,904,481,423,-,-,-,9710,5048,4662,961,500,461,1110,571,539,1682,852,830,1290,706,584,1294,688,606,1908,946,962,2493,1317,1176,425,230,195
"2008.06",35035,17998,17037,7187,3663,3524,1934,1013,921,1563,829,734,1884,923,961,1075,547,528,1137,581,556,888,449,439,-,-,-,8984,4623,4361,962,483,479,1085,571,514,1492,785,707,1119,585,534,1244,652,592,1756,916,840,2311,1170,1141,414,208,206
"2008.07",38042,19602,18440,7690,3961,3729,2200,1096,1104,1682,887,795,2091,1112,979,1171,601,570,1161,609,552,940,483,457,-,-,-,9697,5004,4693,1081,549,532,1162,605,557,1542,790,752,1293,657,636,1375,686,689,1958,1068,890,2522,1249,1273,477,245,232
"2008.08",37787,19425,18362,7622,3855,3767,2225,1135,1090,1628,877,751,2017,1026,991,1215,605,610,1268,673,595,918,484,434,-,-,-,9670,4894,4776,964,510,454,1143,591,552,1612,836,776,1324,679,645,1342,718,624,1856,975,881,2546,1343,1203,437,224,213
"2008.09",40037,20409,19628,8077,4138,3939,2268,1136,1132,1718,899,819,2181,1118,1063,1116,560,556,1318,668,650,1005,564,441,-,-,-,10418,5210,5208,1044,557,487,1195,629,566,1716,865,851,1412,725,687,1350,692,658,1930,963,967,2775,1429,1346,514,256,258
"2008.10",39886,20610,19276,8175,4175,4000,2307,1174,1133,1794,935,859,2187,1144,1043,1168,620,548,1248,668,580,1006,514,492,-,-,-,10210,5246,4964,1010,506,504,1167,604,563,1682,868,814,1316,687,629,1300,677,623,2025,1066,959,2793,1472,1321,498,254,244
"2008.11",36473,19010,17463,7348,3819,3529,2185,1128,1057,1560,806,754,2001,1029,972,1063,519,544,1180,629,551,890,455,435,-,-,-,9250,4818,4432,959,488,471,1123,613,510,1561,835,726,1215,630,585,1274,677,597,1875,1003,872,2532,1330,1202,457,231,226
"2008.12",34691,17786,16905,7010,3632,3378,2021,1045,976,1517,769,748,1950,965,985,971,488,483,1015,529,486,849,426,423,-,-,-,8810,4456,4354,952,479,473,1064,568,496,1513,775,738,1122,604,518,1240,636,604,1759,900,859,2452,1265,1187,446,249,197
"2009.01",44149,22859,21290,8952,4590,4362,2411,1272,1139,1882,982,900,2434,1287,1147,1396,734,662,1441,761,680,1052,544,508,-,-,-,11226,5806,5420,1179,601,578,1391,729,662,1877,960,917,1629,845,784,1692,863,829,2189,1164,1025,2878,1434,1444,520,287,233
"2009.02",36681,18868,17813,7240,3697,3543,2099,1043,1056,1571,854,717,2020,1041,979,1088,554,534,1146,597,549,946,491,455,-,-,-,9417,4810,4607,1041,561,480,1102,587,515,1552,814,738,1258,624,634,1310,662,648,1933,988,945,2558,1340,1218,400,205,195
"2009.03",39834,20587,19247,7912,4000,3912,2222,1167,1055,1697,852,845,2257,1166,1091,1163,606,557,1260,689,571,974,509,465,-,-,-,10252,5327,4925,1080,552,528,1242,649,593,1676,886,790,1389,714,675,1393,713,680,2018,1048,970,2754,1424,1330,545,285,260
"2009.04",37539,19560,17979,7665,3972,3693,2082,1116,966,1668,884,784,2092,1097,995,1111,553,558,1123,574,549,901,470,431,-,-,-,9535,4945,4590,1041,534,507,1182,632,550,1613,843,770,1275,695,580,1334,689,645,1914,1000,914,2558,1326,1232,445,230,215
"2009.05",35864,18489,17375,7114,3713,3401,2076,1029,1047,1537,785,752,2012,1032,980,1097,560,537,1082,547,535,931,476,455,-,-,-,9176,4715,4461,968,513,455,1110,577,533,1616,822,794,1240,638,602,1304,662,642,1751,952,799,2431,1267,1164,419,201,218
"2009.06",34122,17476,16646,6883,3551,3332,1934,990,944,1545,794,751,1825,975,850,936,463,473,1039,514,525,869,466,403,-,-,-,8753,4436,4317,935,479,456,1054,541,513,1466,750,716,1161,588,573,1244,625,619,1759,908,851,2280,1185,1095,439,211,228
"2009.07",35779,18533,17246,7187,3699,3488,2051,1034,1017,1597,874,723,1903,1026,877,1019,521,498,1149,585,564,866,467,399,-,-,-,9232,4792,4440,955,454,501,1155,614,541,1527,770,757,1217,639,578,1270,627,643,1797,931,866,2424,1282,1142,430,218,212
"2009.08",36169,18511,17658,7338,3779,3559,2119,1077,1042,1570,823,747,1966,984,982,1063,544,519,1165,581,584,896,465,431,-,-,-,9079,4626,4453,951,489,462,1102,565,537,1596,796,800,1274,651,623,1305,688,617,1784,933,851,2529,1305,1224,432,205,227
"2009.09",38187,19589,18598,7567,3812,3755,2187,1151,1036,1693,881,812,2044,1052,992,1143,590,553,1265,666,599,950,502,448,-,-,-,9827,4962,4865,1032,527,505,1255,646,609,1696,873,823,1263,635,628,1391,742,649,1832,969,863,2633,1350,1283,409,231,178
"2009.10",37737,19519,18218,7686,3908,3778,2138,1134,1004,1700,934,766,2040,1012,1028,1134,612,522,1163,605,558,908,452,456,-,-,-,9736,4983,4753,984,540,444,1106,570,536,1605,846,759,1286,659,627,1317,663,654,1888,990,898,2569,1346,1223,477,265,212
"2009.11",35172,18023,17149,7177,3710,3467,1962,999,963,1522,770,752,1912,1014,898,1047,528,519,1073,558,515,900,473,427,-,-,-,8906,4548,4358,974,489,485,1150,556,594,1516,759,757,1121,582,539,1255,617,638,1801,954,847,2401,1222,1179,455,244,211
"2009.12",33616,17337,16279,6873,3532,3341,1829,940,889,1417,726,691,1874,933,941,904,473,431,1009,520,489,840,425,415,-,-,-,8553,4426,4127,972,506,466,1054,531,523,1517,764,753,1120,577,543,1180,635,545,1707,870,837,2305,1236,1069,462,243,219
"2010.01",42936,22388,20548,8711,4556,4155,2481,1292,1189,1795,953,842,2352,1215,1137,1296,736,560,1312,675,637,1021,536,485,-,-,-,11009,5660,5349,1094,560,534,1341,708,633,1810,938,872,1587,841,746,1634,875,759,2110,1109,1001,2872,1476,1396,511,258,253
"2010.02",36639,18944,17695,7298,3765,3533,2053,1065,988,1606,819,787,2034,1028,1006,1083,564,519,1178,594,584,894,494,400,-,-,-,9293,4799,4494,988,532,456,1181,635,546,1540,806,734,1274,657,617,1304,672,632,1898,996,902,2595,1304,1291,420,214,206
"2010.03",40975,21209,19766,8347,4371,3976,2335,1244,1091,1819,941,878,2215,1137,1078,1236,633,603,1214,604,610,974,516,458,-,-,-,10445,5346,5099,1145,581,564,1258,678,580,1755,888,867,1394,732,662,1479,784,695,2038,1041,997,2814,1447,1367,507,266,241
"2010.04",38336,19950,18386,7647,4002,3645,2317,1215,1102,1632,841,791,2100,1088,1012,1163,602,561,1202,615,587,954,510,444,-,-,-,9737,5090,4647,998,495,503,1169,590,579,1720,882,838,1358,698,660,1364,717,647,1895,1003,892,2629,1359,1270,451,243,208
"2010.05",37005,19091,17914,7425,3757,3668,2050,1060,990,1763,951,812,2095,1107,988,1125,559,566,1099,574,525,820,416,404,-,-,-,9508,4954,4554,1004,511,493,1116,575,541,1622,836,786,1262,651,611,1297,659,638,1856,934,922,2519,1301,1218,444,246,198
"2010.06",36028,18476,17552,7207,3707,3500,2136,1083,1053,1557,800,757,1980,1044,936,1020,516,504,1082,557,525,865,451,414,-,-,-,9230,4724,4506,982,520,462,1139,549,590,1609,814,795,1216,635,581,1239,636,603,1896,955,941,2447,1276,1171,423,209,214
"2010.07",37106,19082,18024,7232,3700,3532,2161,1121,1040,1681,865,816,2034,989,1045,1118,596,522,1132,593,539,906,491,415,-,-,-,9683,4958,4725,1024,539,485,1206,636,570,1605,836,769,1219,656,563,1367,671,696,1796,900,896,2497,1286,1211,445,245,200
"2010.08",38392,19788,18604,7523,3859,3664,2239,1160,1079,1674,853,821,2153,1133,1020,1131,574,557,1193,627,566,941,471,470,-,-,-,9991,5141,4850,1017,519,498,1179,619,560,1595,828,767,1331,674,657,1335,706,629,1952,996,956,2656,1383,1273,482,245,237
"2010.09",42294,21988,20306,8225,4275,3950,2507,1299,1208,1849,968,881,2266,1183,1083,1283,650,633,1300,683,617,1069,551,518,-,-,-,11131,5724,5407,1075,546,529,1356,696,660,1874,1003,871,1449,782,667,1462,765,697,2071,1109,962,2868,1500,1368,509,254,255
"2010.10",43625,22449,21176,8612,4407,4205,2570,1320,1250,1954,1030,924,2365,1209,1156,1293,683,610,1281,652,629,1086,570,516,-,-,-,11454,5872,5582,1120,585,535,1321,690,631,1816,922,894,1528,785,743,1461,747,714,2202,1132,1070,3046,1588,1458,516,257,259
"2010.11",41318,21243,20075,8196,4242,3954,2488,1233,1255,1779,935,844,2279,1170,1109,1207,619,588,1291,679,612,998,488,510,-,-,-,10817,5593,5224,1056,545,511,1310,656,654,1745,863,882,1334,668,666,1478,737,741,2081,1103,978,2764,1450,1314,495,262,233
"2010.12",35517,18293,17224,6843,3480,3363,2078,1064,1014,1448,747,701,1879,992,887,1024,537,487,1030,534,496,904,454,450,-,-,-,9455,4867,4588,974,498,476,1094,545,549,1551,823,728,1148,578,570,1234,640,594,1905,984,921,2496,1320,1176,454,230,224
"2011.01",47577,24402,23175,9511,4915,4596,2757,1411,1346,2058,1059,999,2590,1313,1277,1431,686,745,1456,747,709,1141,583,558,-,-,-,12323,6352,5971,1190,594,596,1473,740,733,2031,1043,988,1777,901,876,1800,942,858,2391,1245,1146,3099,1601,1498,549,270,279
"2011.02",38160,19613,18547,7150,3619,3531,2181,1103,1078,1704,848,856,2102,1087,1015,1152,599,553,1220,652,568,932,495,437,-,-,-,10044,5165,4879,1019,523,496,1169,594,575,1705,909,796,1305,653,652,1381,729,652,2049,1055,994,2601,1350,1251,446,232,214
"2011.03",43260,22218,21042,8236,4208,4028,2548,1304,1244,1878,945,933,2325,1197,1128,1313,674,639,1387,701,686,1095,550,545,-,-,-,11260,5800,5460,1162,608,554,1355,722,633,1906,990,916,1454,731,723,1542,793,749,2246,1154,1092,3041,1580,1461,512,261,251
"2011.04",40376,20888,19488,7841,4052,3789,2381,1215,1166,1839,960,879,2299,1204,1095,1215,660,555,1262,643,619,1010,533,477,-,-,-,10262,5290,4972,1068,546,522,1260,658,602,1727,898,829,1389,723,666,1367,671,696,2048,1056,992,2917,1530,1387,491,249,242
"2011.05",38958,19981,18977,7537,3819,3718,2340,1204,1136,1665,879,786,2106,1051,1055,1110,587,523,1274,635,639,954,502,452,-,-,-,10143,5239,4904,1072,524,548,1183,587,596,1734,902,832,1321,662,659,1304,658,646,1999,1053,946,2721,1413,1308,495,266,229
"2011.06",36766,18883,17883,7058,3625,3433,2247,1113,1134,1561,807,754,1986,1059,927,1100,563,537,1178,602,576,905,466,439,-,-,-,9510,4913,4597,970,483,487,1157,571,586,1558,792,766,1305,687,618,1305,672,633,1972,1030,942,2568,1301,1267,386,199,187
"2011.07",38168,19689,18479,7397,3793,3604,2208,1107,1101,1626,850,776,2135,1082,1053,1161,618,543,1192,623,569,940,481,459,-,-,-,9828,5077,4751,1129,600,529,1215,639,576,1669,885,784,1271,672,599,1400,706,694,1911,990,921,2600,1334,1266,486,232,254
"2011.08",39360,20407,18953,7611,3917,3694,2361,1231,1130,1733,907,826,2250,1180,1070,1138,581,557,1233,656,577,940,469,471,-,-,-,10259,5305,4954,967,506,461,1263,659,604,1750,917,833,1330,695,635,1350,697,653,2047,1073,974,2691,1390,1301,437,224,213
"2011.09",38963,20078,18885,7584,3876,3708,2327,1173,1154,1785,936,849,2184,1146,1038,1158,592,566,1167,597,570,959,495,464,-,-,-,10035,5188,4847,943,530,413,1294,636,658,1664,844,820,1329,700,629,1343,671,672,2019,1051,968,2722,1406,1316,450,237,213
"2011.10",38359,19527,18832,7593,3784,3809,2236,1142,1094,1721,887,834,2141,1112,1029,1131,602,529,1278,653,625,920,478,442,-,-,-,9887,4993,4894,969,501,468,1236,656,580,1616,838,778,1320,664,656,1375,684,691,1894,964,930,2608,1333,1275,434,236,198
"2011.11",37328,19111,18217,7359,3804,3555,2186,1088,1098,1672,851,821,2108,1080,1028,1087,568,519,1120,602,518,922,488,434,-,-,-,9779,4967,4812,990,508,482,1125,601,524,1564,812,752,1260,637,623,1281,649,632,1868,914,954,2543,1308,1235,464,234,230
"2011.12",33990,17324,16666,6649,3441,3208,1987,1001,986,1516,750,766,1892,960,932,920,457,463,1041,546,495,824,408,416,-,-,-,8697,4443,4254,929,496,433,1074,535,539,1474,737,737,1114,565,549,1164,576,588,1806,917,889,2425,1241,1184,478,251,227
"2012.01",44984,23189,21795,8758,4580,4178,2557,1351,1206,1922,986,936,2546,1291,1255,1372,712,660,1414,735,679,1062,550,512,73,38,35,11569,5871,5698,1062,549,513,1407,725,682,1958,1013,945,1598,868,730,1749,859,890,2319,1184,1135,3092,1608,1484,526,269,257
"2012.02",40609,21041,19568,7837,4140,3697,2448,1286,1162,1810,914,896,2211,1147,1064,1325,680,645,1255,670,585,1006,536,470,74,43,31,10407,5336,5071,1099,568,531,1247,604,643,1774,894,880,1353,723,630,1384,708,676,2101,1083,1018,2753,1444,1309,525,265,260
"2012.03",43209,22331,20878,8364,4375,3989,2603,1344,1259,1873,974,899,2492,1307,1185,1286,667,619,1353,712,641,1116,581,535,92,49,43,11000,5629,5371,1118,575,543,1386,714,672,1926,973,953,1387,701,686,1450,761,689,2247,1167,1080,2967,1521,1446,549,281,268
"2012.04",40094,20476,19618,7700,3939,3761,2370,1210,1160,1874,937,937,2270,1153,1117,1188,629,559,1309,661,648,1046,535,511,84,38,46,10238,5251,4987,1006,532,474,1262,643,619,1595,830,765,1384,714,670,1370,667,703,2019,1034,985,2870,1432,1438,509,271,238
"2012.05",39388,20244,19144,7629,3928,3701,2300,1174,1126,1753,868,885,2251,1130,1121,1120,553,567,1252,660,592,949,502,447,72,42,30,10196,5293,4903,963,464,499,1231,616,615,1656,849,807,1366,718,648,1413,694,719,1989,1050,939,2715,1429,1286,533,274,259
"2012.06",38170,19778,18392,7493,3834,3659,2187,1148,1039,1754,913,841,2236,1135,1101,1107,571,536,1212,647,565,921,491,430,78,30,48,9864,5079,4785,1047,532,515,1174,596,578,1606,863,743,1252,643,609,1325,686,639,1881,1009,872,2599,1387,1212,434,214,220
"2012.07",40127,20568,19559,7840,3994,3846,2368,1186,1182,1755,910,845,2281,1170,1111,1194,622,572,1238,598,640,972,489,483,105,52,53,10279,5309,4970,1040,550,490,1313,678,635,1742,889,853,1367,733,634,1373,691,682,2105,1098,1007,2679,1355,1324,476,244,232
"2012.08",41455,21429,20026,8089,4143,3946,2489,1288,1201,1871,969,902,2385,1219,1166,1215,656,559,1250,668,582,1053,526,527,92,50,42,10795,5575,5220,1060,515,545,1313,697,616,1677,859,818,1400,741,659,1435,716,719,2055,1072,983,2793,1501,1292,483,234,249
"2012.09",41735,21421,20314,7938,4113,3825,2491,1318,1173,1860,963,897,2420,1260,1160,1264,656,608,1320,670,650,1079,530,549,89,43,46,10941,5620,5321,1121,571,550,1285,669,616,1745,858,887,1321,637,684,1444,726,718,2076,1105,971,2844,1443,1401,497,239,258
"2012.10",41889,21396,20493,8017,4083,3934,2543,1289,1254,1856,956,900,2461,1231,1230,1262,642,620,1283,658,625,1081,556,525,101,54,47,10790,5627,5163,1074,525,549,1352,710,642,1699,850,849,1414,709,705,1461,733,728,2079,1057,1022,2919,1471,1448,497,245,252
"2012.11",38579,19743,18836,7518,3865,3653,2333,1157,1176,1731,879,852,2227,1161,1066,1093,561,532,1265,647,618,1023,521,502,86,41,45,9702,4953,4749,962,496,466,1152,564,588,1633,811,822,1322,706,616,1412,734,678,1953,985,968,2681,1397,1284,486,265,221
"2012.12",34311,17342,16969,6731,3359,3372,1984,1008,976,1413,718,695,2001,1002,999,966,500,466,1128,517,611,852,428,424,108,63,45,8965,4529,4436,874,452,422,1017,536,481,1437,720,717,1074,564,510,1174,625,549,1811,914,897,2299,1162,1137,477,245,232
"2013.01",44247,22782,21465,8530,4375,4155,2528,1298,1230,1971,1037,934,2539,1279,1260,1303,665,638,1424,727,697,1131,596,535,114,64,50,11335,5755,5580,1102,568,534,1337,702,635,1949,1042,907,1557,849,708,1616,814,802,2240,1177,1063,3044,1592,1452,527,242,285
"2013.02",36645,18881,17764,7045,3584,3461,2109,1123,986,1664,850,814,2182,1119,1063,1049,591,458,1206,618,588,930,466,464,104,47,57,9445,4875,4570,858,449,409,1155,614,541,1601,801,800,1190,596,594,1361,668,693,1874,979,895,2448,1278,1170,424,223,201
"2013.03",38540,19692,18848,7316,3782,3534,2277,1152,1125,1679,823,856,2300,1151,1149,1151,599,552,1201,592,609,980,466,514,88,50,38,10117,5224,4893,991,522,469,1219,594,625,1632,835,797,1313,690,623,1346,664,682,1958,994,964,2515,1314,1201,457,240,217
"2013.04",36738,18884,17854,7162,3711,3451,2185,1151,1034,1694,830,864,2096,1073,1023,1106,544,562,1209,605,604,971,478,493,78,43,35,9310,4870,4440,928,464,464,1173,595,578,1555,795,760,1233,620,613,1277,653,624,1822,935,887,2496,1306,1190,443,211,232
"2013.05",35626,18282,17344,6843,3553,3290,2084,1068,1016,1611,855,756,2045,1018,1027,1055,540,515,1131,601,530,934,502,432,86,41,45,9237,4638,4599,879,457,422,1064,549,515,1500,765,735,1249,655,594,1222,621,601,1868,969,899,2414,1251,1163,404,199,205
"2013.06",33154,17085,16069,6486,3375,3111,1975,1055,920,1425,740,685,1909,1002,907,1000,526,474,1098,559,539,809,411,398,86,38,48,8516,4343,4173,848,441,407,1069,546,523,1394,686,708,1103,567,536,1156,583,573,1634,873,761,2242,1131,1111,404,209,195
"2013.07",36188,18517,17671,6833,3441,3392,2092,1060,1032,1652,862,790,2162,1103,1059,1001,503,498,1186,629,557,944,486,458,102,42,60,9233,4701,4532,952,489,463,1214,612,602,1589,819,770,1171,609,562,1259,621,638,1897,1030,867,2456,1277,1179,445,233,212
"2013.08",36400,18680,17720,7031,3619,3412,2151,1078,1073,1590,813,777,2203,1152,1051,1034,531,503,1203,613,590,934,489,445,94,45,49,9397,4901,4496,897,480,417,1134,533,601,1573,820,753,1166,601,565,1322,666,656,1823,893,930,2410,1227,1183,438,219,219
"2013.09",37063,19088,17975,7056,3627,3429,2299,1211,1088,1593,800,793,2129,1086,1043,1088,560,528,1209,617,592,997,509,488,115,58,57,9498,4863,4635,893,460,433,1148,563,585,1548,790,758,1255,666,589,1333,710,623,1899,979,920,2506,1319,1187,497,270,227
"2013.10",36055,18513,17542,6945,3618,3327,2226,1149,1077,1677,830,847,2144,1068,1076,1011,515,496,1192,589,603,946,469,477,88,39,49,9020,4632,4388,923,481,442,1081,578,503,1529,805,724,1212,605,607,1259,665,594,1860,969,891,2488,1269,1219,454,232,222
"2013.11",33827,17230,16597,6718,3412,3306,2020,1039,981,1387,698,689,1972,989,983,984,494,490,1067,510,557,896,434,462,89,43,46,8647,4441,4206,869,425,444,1102,582,520,1379,704,675,1059,549,510,1208,629,579,1712,882,830,2272,1167,1105,446,232,214
"2013.12",31972,16249,15723,6101,3084,3017,1885,953,932,1397,686,711,1879,977,902,947,461,486,973,499,474,858,436,422,67,35,32,8374,4331,4043,840,434,406,962,482,480,1379,717,662,1047,499,548,1042,525,517,1619,858,761,2213,1077,1136,389,195,194
"2014.01",41229,21035,20194,8038,4177,3861,2472,1257,1215,1805,921,884,2362,1222,1140,1284,641,643,1322,688,634,1078,572,506,107,51,56,10389,5205,5184,1001,501,500,1308,628,680,1734,898,836,1460,758,702,1430,753,677,2157,1102,1055,2753,1393,1360,529,268,261
"2014.02",36754,18883,17871,6932,3515,3417,2133,1115,1018,1645,846,799,2192,1159,1033,1050,557,493,1241,638,603,992,492,500,95,46,49,9280,4742,4538,882,456,426,1140,593,547,1631,874,757,1229,630,599,1291,671,620,1895,971,924,2651,1343,1308,475,235,240
"2014.03",38021,19647,18374,7253,3766,3487,2186,1187,999,1641,840,801,2219,1158,1061,1114,566,548,1198,610,588,996,507,489,109,60,49,9961,5161,4800,951,492,459,1204,583,621,1553,851,702,1230,629,601,1314,638,676,1976,1004,972,2639,1364,1275,477,231,246
"2014.04",37183,19135,18048,7154,3733,3421,2265,1201,1064,1655,838,817,2246,1153,1093,1111,577,534,1219,631,588,1025,525,500,111,53,58,9529,4759,4770,876,471,405,1126,599,527,1522,781,741,1163,581,582,1217,597,620,1927,1022,905,2556,1347,1209,481,267,214
"2014.05",35749,18303,17446,6878,3485,3393,2194,1137,1057,1628,834,794,2118,1117,1001,1007,528,479,1161,619,542,983,482,501,98,41,57,9232,4732,4500,889,442,447,1067,538,529,1487,726,761,1143,593,550,1210,616,594,1762,905,857,2458,1263,1195,434,245,189
"2014.06",34171,17692,16479,6406,3334,3072,2070,1092,978,1571,825,746,1955,1016,939,984,514,470,1077,542,535,869,467,402,94,41,53,8910,4515,4395,864,454,410,1090,575,515,1453,772,681,1111,583,528,1166,582,584,1717,890,827,2390,1260,1130,444,230,214
"2014.07",36390,18732,17658,6975,3549,3426,2191,1096,1095,1645,824,821,2156,1106,1050,1041,521,520,1161,595,566,937,476,461,115,61,54,9413,4940,4473,910,459,451,1130,535,595,1602,804,798,1166,642,524,1253,645,608,1825,937,888,2432,1315,1117,438,227,211
"2014.08",36539,18790,17749,7192,3684,3508,2273,1152,1121,1520,811,709,2227,1130,1097,1084,548,536,1148,610,538,945,475,470,131,70,61,9301,4696,4605,886,461,425,1139,592,547,1550,778,772,1195,602,593,1213,651,562,1801,971,830,2446,1317,1129,488,242,246
"2014.09",37879,19274,18605,7393,3756,3637,2266,1141,1125,1715,850,865,2248,1150,1098,1105,557,548,1185,637,548,986,514,472,125,72,53,9849,5015,4834,875,430,445,1172,576,596,1518,769,749,1255,657,598,1235,634,601,1854,929,925,2620,1349,1271,478,238,240
"2014.10",36450,18594,17856,6987,3530,3457,2211,1126,1085,1638,850,788,2118,1098,1020,1085,555,530,1143,596,547,992,503,489,138,73,65,9458,4826,4632,915,444,471,1080,569,511,1428,711,717,1208,607,601,1249,614,635,1805,965,840,2501,1262,1239,494,265,229
"2014.11",32379,16650,15729,6244,3195,3049,1978,1013,965,1452,744,708,1937,995,942,916,492,424,1072,556,516,875,447,428,122,69,53,8351,4321,4030,806,414,392,979,493,486,1300,630,670,1053,544,509,1134,586,548,1628,859,769,2150,1111,1039,382,181,201
"2014.12",32691,16621,16070,6259,3175,3084,1951,1032,919,1446,710,736,2008,1002,1006,948,483,465,1035,535,500,878,467,411,99,54,45,8496,4274,4222,807,420,387,931,486,445,1422,711,711,1018,514,504,1105,546,559,1715,882,833,2167,1127,1040,406,203,203
"2015.01",41914,21424,20490,8033,4075,3958,2566,1286,1280,1867,957,910,2445,1270,1175,1230,653,577,1344,711,633,1102,574,528,210,112,98,10739,5502,5237,1044,518,526,1287,628,659,1697,882,815,1413,720,693,1503,776,727,2159,1114,1045,2743,1385,1358,532,261,271
"2015.02",35709,18148,17561,6674,3420,3254,2097,1082,1015,1547,813,734,2113,1076,1037,1042,540,502,1143,609,534,947,501,446,180,89,91,9269,4663,4606,820,421,399,1112,533,579,1549,780,769,1218,583,635,1270,633,637,1850,947,903,2415,1211,1204,463,247,216
"2015.03",40329,20856,19473,7603,3929,3674,2417,1208,1209,1876,954,922,2262,1186,1076,1136,577,559,1305,674,631,1055,538,517,202,116,86,10412,5421,4991,1058,549,509,1263,642,621,1750,925,825,1274,652,622,1385,696,689,2107,1087,1020,2715,1438,1277,509,264,245
"2015.04",38072,19698,18374,7235,3760,3475,2315,1214,1101,1654,835,819,2201,1159,1042,1057,536,521,1185,590,595,1047,560,487,215,126,89,9842,5099,4743,985,479,506,1114,575,539,1601,828,773,1278,665,613,1301,707,594,1932,1002,930,2644,1329,1315,466,234,232
"2015.05",36534,18799,17735,6993,3591,3402,2168,1148,1020,1639,850,789,2138,1125,1013,1028,541,487,1166,595,571,962,503,459,213,108,105,9443,4783,4660,900,447,453,1119,557,562,1643,837,806,1172,599,573,1261,649,612,1833,970,863,2440,1285,1155,416,211,205
"2015.06",35520,18282,17238,6823,3456,3367,2155,1085,1070,1533,807,726,2011,1036,975,959,493,466,1128,567,561,948,479,469,240,117,123,9278,4852,4426,884,455,429,1112,547,565,1526,796,730,1131,577,554,1137,597,540,1755,901,854,2423,1264,1159,477,253,224
"2015.07",36612,18784,17828,6885,3510,3375,2228,1161,1067,1657,859,798,2194,1101,1093,1033,530,503,1157,616,541,1074,558,516,225,117,108,9455,4862,4593,890,421,469,1146,597,549,1517,771,746,1197,641,556,1221,617,604,1825,941,884,2435,1238,1197,473,244,229
"2015.08",35207,18123,17084,6806,3467,3339,2122,1114,1008,1566,828,738,2031,1065,966,1004,518,486,1092,564,528,888,439,449,232,115,117,9226,4744,4482,878,475,403,1064,550,514,1505,795,710,1061,548,513,1237,650,587,1777,893,884,2264,1130,1134,454,228,226
"2015.09",36444,18761,17683,6820,3487,3333,2299,1204,1095,1615,851,764,2131,1116,1015,1086,575,511,1120,597,523,944,502,442,249,142,107,9449,4765,4684,887,441,446,1128,601,527,1512,769,743,1116,606,510,1260,623,637,1897,959,938,2505,1291,1214,426,232,194
"2015.10",36702,18683,18019,6799,3456,3343,2268,1169,1099,1543,798,745,2118,1090,1028,1044,516,528,1155,563,592,967,479,488,240,122,118,9497,4824,4673,923,462,461,1179,591,588,1562,793,769,1169,594,575,1276,652,624,1880,961,919,2558,1320,1238,524,293,231
"2015.11",33467,17143,16324,6381,3221,3160,2094,1120,974,1516,801,715,1936,1010,926,962,498,464,1039,548,491,887,445,442,244,129,115,8501,4279,4222,819,420,399,1065,556,509,1440,746,694,1039,545,494,1145,589,556,1694,843,851,2257,1151,1106,448,242,206
"2015.12",31910,16205,15705,5953,2998,2955,1916,961,955,1425,688,737,1911,959,952,860,451,409,940,509,431,911,467,444,258,125,133,8384,4268,4116,841,427,414,974,510,464,1302,676,626,1019,495,524,1065,536,529,1601,835,766,2138,1093,1045,412,207,205
"2016.01",39405,20237,19168,7426,3825,3601,2452,1269,1183,1799,894,905,2285,1138,1147,1201,588,613,1127,590,537,989,535,454,286,153,133,10095,5189,4906,893,465,428,1261,643,618,1700,859,841,1327,697,630,1451,749,702,1996,1046,950,2595,1327,1268,522,270,252
"2016.02",34830,17766,17064,6437,3280,3157,2198,1137,1061,1547,799,748,2014,1037,977,989,504,485,1054,532,522,931,464,467,278,148,130,8970,4608,4362,883,439,444,1112,535,577,1513,746,767,1137,599,538,1229,611,618,1732,915,817,2334,1184,1150,472,228,244
"2016.03",38131,19471,18660,7176,3695,3481,2368,1207,1161,1673,853,820,2148,1100,1048,1063,555,508,1199,617,582,1003,531,472,303,167,136,9827,4950,4877,967,493,474,1232,616,616,1652,849,803,1167,583,584,1335,687,648,1954,996,958,2547,1294,1253,517,278,239
"2016.04",35147,17910,17237,6547,3372,3175,2177,1105,1072,1600,810,790,2101,1020,1081,1025,504,521,1077,585,492,974,506,468,277,134,143,9080,4644,4436,840,410,430,1008,499,509,1473,755,718,1095,561,534,1193,612,581,1818,941,877,2391,1204,1187,471,248,223
"2016.05",34341,17588,16753,6422,3225,3197,2043,1067,976,1571,794,777,1974,1000,974,975,492,483,1022,559,463,953,486,467,259,123,136,8981,4613,4368,801,387,414,1107,573,534,1407,743,664,1129,580,549,1104,565,539,1747,901,846,2356,1218,1138,490,262,228
"2016.06",32849,16863,15986,6233,3173,3060,1972,1026,946,1493,761,732,1889,1011,878,892,454,438,1052,527,525,834,438,396,293,161,132,8547,4374,4173,817,433,384,968,513,455,1429,703,726,1055,549,506,1128,544,584,1690,904,786,2147,1088,1059,410,204,206
"2016.07",33920,17482,16438,6414,3326,3088,1976,1006,970,1439,732,707,2024,1093,931,952,481,471,1039,561,478,879,432,447,260,134,126,8970,4558,4412,859,452,407,1111,590,521,1465,738,727,1033,518,515,1142,587,555,1703,876,827,2206,1161,1045,448,237,211
"2016.08",33897,17312,16585,6152,3146,3006,2104,1080,1024,1592,826,766,1956,971,985,933,466,467,1032,524,508,898,480,418,270,142,128,8925,4538,4387,852,459,393,1115,592,523,1386,681,705,1014,522,492,1202,628,574,1705,857,848,2270,1153,1117,491,247,244
"2016.09",34375,17675,16700,6292,3247,3045,2095,1049,1046,1600,809,791,2050,1030,1020,951,503,448,1105,550,555,974,494,480,288,136,152,9001,4669,4332,843,429,414,1045,560,485,1466,751,715,1056,526,530,1113,561,552,1716,875,841,2330,1252,1078,450,234,216
"2016.10",31592,16180,15412,5891,3035,2856,1913,956,957,1389,737,652,1780,900,880,936,464,472,985,521,464,918,454,464,265,130,135,8134,4209,3925,785,392,393,994,492,502,1320,669,651,966,519,447,1113,561,552,1677,859,818,2087,1044,1043,439,238,201
"2016.11",30366,15476,14890,5495,2811,2684,1947,991,956,1370,699,671,1803,903,900,864,439,425,895,430,465,820,428,392,273,133,140,7901,4004,3897,787,405,382,981,528,453,1314,663,651,908,484,424,1048,539,509,1495,766,729,2067,1055,1012,398,198,200
"2016.12",27390,14104,13286,5051,2609,2442,1661,847,814,1225,597,628,1585,802,783,799,418,381,849,421,428,737,395,342,245,130,115,7212,3714,3498,731,379,352,808,420,388,1177,619,558,811,393,418,922,497,425,1383,718,665,1808,935,873,386,210,176
"2017.01",34834,17844,16990,6376,3311,3065,2080,1037,1043,1542,804,738,1985,1003,982,1023,550,473,1008,510,498,935,465,470,335,161,174,9046,4607,4439,830,429,401,1056,531,525,1544,773,771,1124,578,546,1315,693,622,1824,923,901,2331,1229,1102,480,240,240
"2017.02",30499,15643,14856,5646,2910,2736,1842,940,902,1376,714,662,1732,867,865,864,443,421,1023,519,504,746,378,368,259,119,140,8041,4168,3873,765,394,371,969,524,445,1323,668,655,1018,529,489,997,512,485,1502,746,756,2000,999,1001,396,213,183
"2017.03",33196,17129,16067,6133,3117,3016,1992,1033,959,1506,781,725,1900,976,924,959,494,465,1030,529,501,886,458,428,303,154,149,8612,4391,4221,775,415,360,1063,583,480,1467,763,704,1048,559,489,1203,618,585,1660,853,807,2203,1166,1037,456,239,217
"2017.04",30337,15688,14649,5542,2813,2729,1818,936,882,1348,691,657,1696,911,785,854,456,398,917,432,485,847,438,409,274,138,136,7981,4178,3803,769,411,358,962,494,468,1337,671,666,938,495,443,1044,549,495,1497,764,733,2093,1101,992,420,210,210
"2017.05",30303,15581,14722,5434,2753,2681,1833,961,872,1427,726,701,1696,880,816,851,467,384,904,447,457,766,389,377,302,153,149,8058,4189,3869,756,369,387,984,502,482,1318,685,633,955,473,482,980,488,492,1561,818,743,2053,1059,994,425,222,203
"2017.06",28892,14912,13980,5361,2745,2616,1786,959,827,1338,652,686,1696,866,830,844,432,412,867,464,403,718,381,337,272,154,118,7517,3898,3619,711,370,341,933,473,460,1235,663,572,944,479,465,977,511,466,1388,717,671,1901,939,962,404,209,195
"2017.07",29418,15243,14175,5345,2748,2597,1689,862,827,1252,660,592,1743,882,861,832,412,420,928,482,446,757,395,362,273,143,130,7787,4093,3694,745,378,367,946,484,462,1289,658,631,937,460,477,1017,549,468,1522,799,723,1963,1026,937,393,212,181
"2017.08",30135,15449,14686,5440,2767,2673,1779,893,886,1312,685,627,1753,903,850,763,418,345,952,527,425,821,453,368,319,148,171,7906,4047,3859,814,414,400,986,473,513,1355,676,679,938,452,486,991,511,480,1513,785,728,2087,1088,999,406,209,197
"2017.09",30085,15511,14574,5490,2833,2657,1787,923,864,1274,692,582,1786,927,859,816,412,404,878,475,403,781,416,365,323,168,155,7928,4066,3862,762,399,363,973,488,485,1343,672,671,958,494,464,1044,547,497,1498,763,735,1978,990,988,466,246,220
"2017.10",27857,14297,13560,5015,2515,2500,1761,900,861,1251,664,587,1595,852,743,836,426,410,817,441,376,787,406,381,297,146,151,7326,3703,3623,721,357,364,825,428,397,1161,632,529,855,415,440,973,515,458,1376,720,656,1849,954,895,412,223,189
"2017.11",27068,14036,13032,4943,2580,2363,1603,847,756,1210,607,603,1553,827,726,745,360,385,774,383,391,733,391,342,265,129,136,7140,3707,3433,715,381,334,900,439,461,1187,599,588,869,451,418,934,485,449,1336,726,610,1743,912,831,418,212,206
"2017.12",25147,12975,12172,4664,2393,2271,1510,778,732,1110,587,523,1310,684,626,733,396,337,753,379,374,604,309,295,282,131,151,6746,3484,3262,595,311,284,797,411,386,1111,573,538,764,395,369,879,461,418,1280,639,641,1648,868,780,361,176,185
"2018.01",32198,16471,15727,5675,2919,2756,1863,975,888,1412,655,757,1912,1037,875,901,469,432,937,491,446,804,405,399,347,167,180,8817,4449,4368,874,436,438,1044,546,498,1424,715,709,994,502,492,1077,567,510,1571,818,753,2076,1088,988,470,232,238
"2018.02",27575,14083,13492,4792,2413,2379,1677,881,796,1245,664,581,1675,856,819,770,397,373,797,406,391,663,336,327,305,157,148,7255,3659,3596,773,380,393,938,491,447,1236,628,608,916,444,472,978,514,464,1336,711,625,1843,945,898,376,201,175
"2018.03",29987,15376,14611,5278,2717,2561,1794,941,853,1332,669,663,1759,908,851,869,453,416,818,410,408,798,407,391,319,170,149,7969,4025,3944,733,377,356,951,494,457,1378,732,646,897,470,427,1076,553,523,1548,800,748,2019,1019,1000,449,231,218
"2018.04",27734,14226,13508,4957,2565,2392,1668,876,792,1254,652,602,1697,860,837,808,422,386,789,393,396,725,403,322,306,153,153,7357,3748,3609,731,365,366,916,444,472,1197,599,598,866,439,427,975,491,484,1325,683,642,1782,932,850,381,201,180
"2018.05",27949,14371,13578,4942,2625,2317,1647,877,770,1267,618,649,1650,866,784,801,426,375,860,449,411,684,340,344,301,155,146,7533,3830,3703,670,336,334,878,451,427,1222,606,616,832,424,408,956,481,475,1399,707,692,1913,975,938,394,205,189
"2018.06",26357,13464,12893,4603,2410,2193,1659,835,824,1188,589,599,1630,826,804,732,374,358,794,385,409,653,310,343,277,136,141,7089,3606,3483,633,322,311,846,435,411,1139,585,554,799,424,375,890,454,436,1341,719,622,1688,852,836,396,202,194
"2018.07",27033,13787,13246,4845,2482,2363,1522,726,796,1175,599,576,1644,813,831,717,377,340,757,387,370,672,340,332,344,174,170,7317,3731,3586,692,372,320,959,505,454,1195,602,593,810,411,399,902,458,444,1326,681,645,1754,907,847,402,222,180
"2018.08",27381,14098,13283,4925,2586,2339,1597,813,784,1196,614,582,1679,835,844,794,410,384,759,376,383,694,352,342,280,158,122,7383,3841,3542,700,367,333,882,460,422,1208,586,622,838,427,411,914,452,462,1351,716,635,1785,913,872,396,192,204
"2018.09",26066,13509,12557,4687,2440,2247,1476,763,713,1111,574,537,1631,838,793,741,368,373,712,364,348,657,367,290,293,157,136,7108,3712,3396,696,346,350,828,439,389,1190,623,567,818,410,408,913,468,445,1214,636,578,1605,795,810,386,209,177
"2018.10",26474,13601,12873,4689,2466,2223,1525,792,733,1151,587,564,1684,859,825,709,382,327,703,362,341,664,338,326,309,158,151,7358,3801,3557,673,348,325,808,377,431,1111,568,543,807,422,385,918,460,458,1263,633,630,1705,855,850,397,193,204
"2018.11",25301,13014,12287,4571,2369,2202,1439,732,707,1067,543,524,1632,853,779,652,317,335,752,397,355,621,317,304,337,188,149,6763,3494,3269,609,288,321,809,415,394,1111,548,563,784,390,394,849,444,405,1246,659,587,1655,876,779,404,184,220
"2018.12",22767,11686,11081,4110,2145,1965,1285,629,656,1002,525,477,1494,735,759,611,311,300,659,339,320,514,264,250,285,148,137,6226,3216,3010,567,279,288,727,385,342,969,488,481,640,328,312,790,398,392,1159,622,537,1399,703,696,330,171,159
"2019.01",30271,15545,14726,5248,2700,2548,1650,838,812,1253,665,588,1946,998,948,777,409,368,831,424,407,761,405,356,392,180,212,8337,4300,4037,862,450,412,959,493,466,1327,681,646,859,435,424,1117,572,545,1478,766,712,2019,990,1029,455,239,216
"2019.02",25710,13073,12637,4578,2383,2195,1469,745,724,1131,587,544,1557,806,751,704,343,361,711,379,332,635,309,326,336,159,177,7031,3547,3484,646,335,311,784,400,384,1170,601,569,712,352,360,920,452,468,1230,616,614,1717,867,850,379,192,187
"2019.03",27049,13975,13074,4811,2519,2292,1553,798,755,1224,638,586,1693,868,825,715,377,338,810,407,403,659,320,339,355,179,176,7230,3790,3440,726,384,342,864,452,412,1191,590,601,811,421,390,955,485,470,1379,712,667,1664,823,841,409,212,197
"2019.04",26104,13441,12663,4686,2394,2292,1474,750,724,1105,566,539,1590,847,743,723,377,346,734,380,354,677,359,318,323,154,169,6996,3564,3432,730,375,355,841,416,425,1179,592,587,810,437,373,924,495,429,1214,630,584,1690,878,812,408,227,181
"2019.05",25299,12957,12342,4524,2356,2168,1456,754,702,1100,547,553,1581,833,748,707,334,373,722,375,347,634,338,296,348,178,170,6858,3523,3335,697,350,347,765,391,374,1101,548,553,783,374,409,931,468,463,1174,605,569,1569,801,768,349,182,167
"2019.06",23992,12363,11629,4301,2226,2075,1360,643,717,1037,537,500,1415,766,649,686,346,340,676,340,336,582,296,286,282,155,127,6636,3443,3193,634,325,309,721,365,356,1081,568,513,727,358,369,837,432,405,1224,642,582,1471,746,725,322,175,147
"2019.07",25222,12974,12248,4551,2379,2172,1369,740,629,1063,569,494,1512,753,759,724,352,372,678,328,350,613,303,310,311,159,152,7026,3598,3428,704,375,329,820,454,366,1130,583,547,693,364,329,909,454,455,1194,609,585,1553,778,775,372,176,196
"2019.08",24371,12491,11880,4330,2211,2119,1392,703,689,1058,568,490,1530,769,761,687,338,349,666,327,339,592,300,292,284,137,147,6721,3519,3202,693,310,383,759,406,353,1078,540,538,733,390,343,866,444,422,1110,565,545,1515,798,717,357,166,191
"2019.09",24090,12488,11602,4291,2225,2066,1335,693,642,1070,556,514,1422,748,674,672,341,331,666,344,322,602,325,277,282,142,140,6793,3527,3266,599,316,283,697,354,343,978,530,448,739,360,379,891,435,456,1120,566,554,1572,844,728,361,182,179
"2019.10",25613,12989,12624,4513,2337,2176,1430,717,713,1150,600,550,1560,799,761,733,375,358,683,337,346,661,334,327,322,168,154,7102,3606,3496,707,381,326,788,405,383,1063,540,523,746,385,361,884,409,475,1239,602,637,1654,816,838,378,178,200
"2019.11",23727,12097,11630,4170,2128,2042,1321,683,638,1100,585,515,1417,758,659,668,325,343,634,314,320,591,302,289,310,153,157,6607,3334,3273,660,330,330,679,374,305,1019,528,491,724,369,355,829,455,374,1159,562,597,1490,733,757,349,164,185
"2019.12",21228,11023,10205,3670,1953,1717,1240,671,569,942,488,454,1299,662,637,568,291,277,599,312,287,532,249,283,274,160,114,5861,2986,2875,625,326,299,656,328,328,911,472,439,634,344,290,769,416,353,951,496,455,1336,690,646,361,179,182
"2020.01",26646,13622,13024,4701,2394,2307,1567,799,768,1098,569,529,1538,811,727,694,344,350,734,393,341,703,336,367,372,197,175,7423,3748,3675,723,352,371,853,435,418,1204,609,595,743,387,356,955,502,453,1273,649,624,1633,865,768,432,232,200
"2020.02",22759,11602,11157,3927,2002,1925,1224,642,582,973,487,486,1326,657,669,610,307,303,674,348,326,511,245,266,307,144,163,6418,3239,3179,654,359,295,730,374,356,987,510,477,656,347,309,825,424,401,1131,579,552,1454,742,712,352,196,156
"2020.03",24190,12423,11767,4126,2172,1954,1340,689,651,981,487,494,1474,771,703,662,319,343,651,347,304,592,324,268,329,170,159,6840,3479,3361,720,355,365,724,386,338,1106,571,535,739,359,380,910,465,445,1172,594,578,1484,764,720,340,171,169
"2020.04",23299,11906,11393,4095,2096,1999,1259,624,635,992,487,505,1416,714,702,613,309,304,609,312,297,593,305,288,316,176,140,6459,3270,3189,686,319,367,737,394,343,1064,550,514,739,401,338,793,418,375,1118,579,539,1471,764,707,339,188,151
"2020.05",22847,11825,11022,3984,2044,1940,1300,669,631,943,513,430,1357,701,656,603,315,288,637,328,309,549,276,273,250,125,125,6583,3368,3215,645,338,307,724,372,352,965,497,468,690,360,330,807,428,379,1099,572,527,1400,752,648,311,167,144
"2020.06",22117,11240,10877,3886,1956,1930,1242,648,594,946,486,460,1290,660,630,583,264,319,604,331,273,497,239,258,273,132,141,6338,3300,3038,671,341,330,710,333,377,977,492,485,608,313,295,769,386,383,1015,496,519,1387,687,700,321,176,145
"2020.07",22999,11771,11228,3954,2011,1943,1271,678,593,1005,523,482,1396,718,678,607,313,294,562,287,275,599,279,320,308,158,150,6532,3324,3208,619,338,281,712,361,351,1041,549,492,675,338,337,868,435,433,1051,529,522,1464,777,687,335,153,182
"2020.08",22402,11526,10876,3897,2015,1882,1225,641,584,905,478,427,1328,692,636,603,314,289,632,325,307,548,267,281,277,123,154,6451,3367,3084,597,284,313,726,397,329,996,494,502,694,341,353,833,411,422,1017,508,509,1341,693,648,332,176,156
"2020.09",23499,11947,11552,4108,2084,2024,1379,730,649,957,498,459,1316,681,635,638,337,301,643,329,314,559,273,286,253,137,116,6761,3363,3398,675,330,345,715,366,349,1004,537,467,699,332,367,814,421,393,1123,613,510,1516,743,773,339,173,166
"2020.10",21884,11172,10712,3870,2021,1849,1185,571,614,901,460,441,1256,661,595,601,311,290,605,317,288,530,269,261,283,136,147,6299,3185,3114,653,330,323,707,360,347,910,481,429,642,324,318,751,381,370,1066,553,513,1318,653,665,307,159,148
"2020.11",20054,10300,9754,3469,1789,1680,1041,550,491,771,382,389,1194,630,564,540,266,274,591,311,280,467,245,222,257,124,133,5825,3008,2817,585,307,278,630,325,305,913,474,439,636,317,319,725,371,354,945,469,476,1189,598,591,276,134,142
"2020.12",19641,10028,9613,3428,1760,1668,1025,529,496,721,364,357,1149,565,584,564,268,296,539,285,254,469,236,233,243,128,115,5808,2972,2836,607,304,303,639,329,310,783,409,374,644,318,326,688,337,351,863,432,431,1166,627,539,305,165,140
"2021.01",24894,12756,12138,4395,2260,2135,1351,706,645,1001,513,488,1470,774,696,734,382,352,670,332,338,570,309,261,342,172,170,7209,3694,3515,736,355,381,771,427,344,1032,532,500,737,381,356,884,438,446,1126,560,566,1509,726,783,357,195,162
"2021.02",21306,11013,10293,3666,1838,1828,1115,608,507,857,476,381,1226,644,582,677,322,355,587,304,283,504,271,233,293,170,123,6291,3221,3070,585,313,272,661,312,349,898,486,412,629,302,327,683,356,327,1011,512,499,1316,714,602,307,164,143
"2021.03",23925,12280,11645,4206,2127,2079,1343,658,685,942,491,451,1304,675,629,689,377,312,721,376,345,551,285,266,363,165,198,6962,3642,3320,684,329,355,734,371,363,1066,574,492,651,331,320,744,377,367,1126,575,551,1442,738,704,397,189,208
"2021.04",22703,11594,11109,3995,2043,1952,1293,652,641,906,463,443,1286,689,597,664,355,309,657,345,312,540,266,274,307,138,169,6699,3456,3243,588,302,286,731,353,378,952,480,472,675,333,342,699,344,355,1068,505,563,1317,705,612,326,165,161
"2021.05",21922,11168,10754,3996,2087,1909,1203,612,591,944,488,456,1242,621,621,682,336,346,629,317,312,527,249,278,269,157,112,6268,3144,3124,566,292,274,694,347,347,901,470,431,616,334,282,735,367,368,992,504,488,1339,675,664,319,168,151
"2021.06",21504,11173,10331,3795,2033,1762,1265,667,598,880,421,459,1172,604,568,683,364,319,638,348,290,518,272,246,280,136,144,6226,3203,3023,593,308,285,684,336,348,897,470,427,623,310,313,676,370,306,991,511,480,1264,658,606,319,162,157
"2021.07",22364,11411,10953,3787,1945,1842,1222,641,581,921,483,438,1267,625,642,710,331,379,632,316,316,517,273,244,313,151,162,6583,3302,3281,675,375,300,660,343,317,974,508,466,651,309,342,749,386,363,1040,543,497,1371,719,652,292,161,131
"2021.08",22282,11435,10847,3858,1950,1908,1302,671,631,950,525,425,1272,635,637,671,350,321,593,310,283,527,279,248,290,143,147,6473,3342,3131,649,327,322,747,393,354,943,457,486,610,356,254,738,344,394,1065,553,512,1322,669,653,272,131,141
"2021.09",21905,11162,10743,3753,1939,1814,1238,611,627,893,441,452,1320,659,661,707,358,349,626,335,291,513,270,243,305,154,151,6347,3208,3139,594,297,297,649,347,302,949,491,458,628,334,294,708,367,341,1001,484,517,1334,703,631,340,164,176
"2021.10",20749,10598,10151,3533,1839,1694,1183,603,580,890,470,420,1240,637,603,604,295,309,592,316,276,505,269,236,319,161,158,6105,3072,3033,618,310,308,668,326,342,815,428,387,588,302,286,632,290,342,889,465,424,1238,630,608,330,185,145
"2021.11",19829,10201,9628,3513,1818,1695,1043,549,494,792,411,381,1189,597,592,661,343,318,560,300,260,451,224,227,263,129,134,5766,2975,2791,587,297,290,631,303,328,840,429,411,543,264,279,640,332,308,961,500,461,1135,604,531,254,126,128
"2021.12",17179,8725,8454,3034,1557,1477,888,458,430,685,363,322,959,483,476,474,250,224,509,252,257,404,209,195,226,114,112,5210,2598,2612,482,245,237,560,276,284,717,363,354,524,280,244,542,281,261,775,393,382,975,497,478,215,106,109
